driver_id,age,vehicle_age_yrs,speeding_pct,harsh_braking_per100km,harsh_accel_per100km,cornering_per100km,night_driving_pct,phone_use_per_trip,max_speed_kmh,monthly_km,harsh_event_index,speed_risk_index,distraction_score,risk_score,risk_tier,is_high_risk
DRV-0000,40,25,0.086,5.02,2.44,2.96,0.1218,1.39,106.8,508,0.2003,0.2228,0.1737,0.3,Low,0
DRV-0001,35,11,0.1381,3.25,3.06,2.57,0.1554,1.37,112.2,256,0.1674,0.2717,0.1713,1.1,Low,0
DRV-0002,42,0,0.0115,5.45,6.0,4.02,0.1931,1.43,101.1,124,0.2894,0.1604,0.1788,42.2,Moderate,0
DRV-0003,18,0,0.0679,6.62,5.36,3.13,0.1401,2.04,108.0,734,0.2843,0.2173,0.255,28.0,Low,0
DRV-0004,50,0,0.1685,6.34,4.77,5.06,0.168,1.99,137.7,446,0.3075,0.384,0.2488,99.1,High,1
DRV-0005,22,3,0.0054,7.47,6.04,5.52,0.1836,2.26,122.7,153,0.3605,0.2381,0.2825,96.8,High,1
DRV-0006,29,0,0.0428,3.9,5.96,2.65,0.2098,1.27,102.6,305,0.2303,0.1833,0.1588,1.3,Low,0
DRV-0007,21,13,0.109,2.26,1.51,1.55,0.0722,0.87,84.6,418,0.1014,0.1522,0.1088,0.0,Low,0
DRV-0008,29,1,0.1696,5.54,3.81,2.67,0.0987,1.24,85.8,515,0.2277,0.19,0.155,0.0,Low,0
DRV-0009,33,4,0.2113,8.42,6.91,4.43,0.1662,2.34,110.0,1395,0.3722,0.3037,0.2925,97.0,High,1
DRV-0010,48,6,0.0987,4.58,4.96,2.75,0.0846,1.99,79.8,379,0.2293,0.1285,0.2488,2.4,Low,0
DRV-0011,53,18,0.124,3.96,6.24,3.35,0.1452,1.23,85.7,270,0.2502,0.1646,0.1538,3.9,Low,0
DRV-0012,61,0,0.2074,7.52,5.96,4.77,0.1549,1.83,101.3,326,0.3451,0.2689,0.2288,98.8,High,1
DRV-0013,39,2,0.0466,3.49,2.39,3.46,0.0612,1.33,65.6,140,0.1788,0.0466,0.1662,0.0,Low,0
DRV-0014,35,2,0.0985,3.36,4.06,3.71,0.1485,1.03,91.5,158,0.2091,0.1723,0.1288,1.2,Low,0
DRV-0015,47,9,0.0342,3.52,2.24,2.51,0.0643,1.74,104.6,321,0.1579,0.1861,0.2175,0.0,Low,0
DRV-0016,27,1,0.1212,2.61,7.21,1.13,0.068,0.69,86.6,587,0.195,0.1664,0.0862,0.3,Low,0
DRV-0017,26,2,0.1287,1.48,1.44,0.94,0.0932,0.61,84.8,362,0.0724,0.1638,0.0762,0.0,Low,0
DRV-0018,33,0,0.1925,4.37,4.09,2.85,0.1119,2.19,114.3,238,0.2126,0.3095,0.2738,7.5,Low,0
DRV-0019,37,0,0.0807,7.46,3.02,3.13,0.1189,1.14,124.3,326,0.2621,0.2855,0.1425,2.5,Low,0
DRV-0020,18,0,0.0512,6.91,3.78,4.87,0.1428,1.32,132.1,344,0.2986,0.2985,0.165,7.1,Low,0
DRV-0021,50,7,0.1239,3.84,2.2,2.73,0.0425,0.91,92.6,255,0.1681,0.1904,0.1138,0.0,Low,0
DRV-0022,40,7,0.1769,5.56,4.62,5.0,0.1699,2.55,109.6,437,0.2882,0.2833,0.3188,93.4,High,1
DRV-0023,47,1,0.0447,1.81,1.56,0.7,0.0334,0.88,80.7,419,0.0762,0.1022,0.11,0.0,Low,0
DRV-0024,19,6,0.0867,9.14,3.72,2.9,0.1215,1.29,115.6,396,0.3028,0.2562,0.1612,1.4,Low,0
DRV-0025,30,3,0.1223,6.97,3.78,3.16,0.0944,1.0,100.2,580,0.2656,0.218,0.125,1.3,Low,0
DRV-0026,29,3,0.0,3.47,3.07,2.62,0.0289,0.52,83.7,440,0.173,0.0889,0.065,0.0,Low,0
DRV-0027,35,7,0.1751,5.34,4.28,3.48,0.1373,2.04,110.3,527,0.2477,0.2849,0.255,78.1,High,1
DRV-0028,37,2,0.1639,3.07,5.35,2.33,0.0797,1.47,87.2,121,0.1972,0.1921,0.1838,1.2,Low,0
DRV-0029,48,4,0.3277,8.13,7.05,6.72,0.2911,2.31,104.5,681,0.4145,0.3471,0.2888,98.3,High,1
DRV-0030,39,7,0.1143,2.51,2.57,4.67,0.1022,1.15,88.4,468,0.1864,0.1694,0.1438,0.0,Low,0
DRV-0031,29,1,0.1204,8.11,6.68,4.85,0.2201,2.82,144.0,345,0.3705,0.3812,0.3525,99.9,High,1
DRV-0032,64,11,0.0596,2.97,2.1,7.42,0.0724,0.57,107.8,192,0.2428,0.212,0.0712,0.9,Low,0
DRV-0033,34,13,0.1432,4.65,1.4,0.56,0.1255,0.64,94.7,1210,0.1275,0.2089,0.08,0.4,Low,0
DRV-0034,27,11,0.1304,7.67,7.54,4.64,0.1709,1.86,115.8,78,0.3719,0.281,0.2325,98.9,High,1
DRV-0035,18,0,0.0034,0.6,2.33,1.3,0.0603,0.25,72.1,763,0.0768,0.0472,0.0312,0.0,Low,0
DRV-0036,39,2,0.1172,3.39,1.26,1.45,0.0567,0.49,106.9,403,0.1178,0.2403,0.0612,0.0,Low,0
DRV-0037,46,6,0.1893,5.61,4.99,3.82,0.1604,2.27,101.8,136,0.2718,0.2609,0.2838,94.7,High,1
DRV-0038,24,3,0.226,5.9,4.67,2.46,0.0917,1.11,98.1,1507,0.245,0.2672,0.1388,5.9,Low,0
DRV-0039,45,0,0.0437,3.09,2.58,2.38,0.1377,1.54,120.3,604,0.1524,0.2502,0.1925,0.2,Low,0
DRV-0040,39,6,0.1122,6.33,5.12,4.61,0.1823,1.91,120.7,96,0.3041,0.2893,0.2388,99.4,High,1
DRV-0041,18,4,0.222,11.14,4.34,5.52,0.1862,3.05,110.4,332,0.4055,0.3111,0.3812,94.6,High,1
DRV-0042,45,1,0.0,2.7,2.23,2.48,0.0523,1.19,107.6,272,0.1408,0.1785,0.1488,0.1,Low,0
DRV-0043,34,0,0.0,0.4,0.87,1.31,0.0141,0.31,83.5,1195,0.0487,0.0881,0.0388,0.0,Low,0
DRV-0044,24,2,0.0427,2.15,1.34,1.39,0.0974,1.24,93.0,309,0.0931,0.1472,0.155,0.0,Low,0
DRV-0045,49,6,0.1132,2.45,2.79,3.88,0.0703,0.62,109.8,50,0.1731,0.249,0.0775,0.4,Low,0
DRV-0046,49,3,0.1975,5.92,7.41,6.88,0.1405,1.76,86.2,1144,0.3795,0.2069,0.22,85.9,High,1
DRV-0047,24,0,0.232,8.89,6.55,5.39,0.2275,2.08,131.1,421,0.3948,0.3942,0.26,100.0,High,1
DRV-0048,41,0,0.0,1.89,0.82,0.94,0.0336,0.53,75.8,99,0.0703,0.0592,0.0662,0.0,Low,0
DRV-0049,40,7,0.1466,4.2,4.79,2.21,0.0819,2.33,94.4,485,0.208,0.2096,0.2912,1.5,Low,0
DRV-0050,37,0,0.4393,8.38,7.87,7.0,0.2156,2.17,126.6,452,0.4388,0.4914,0.2712,100.0,High,1
DRV-0051,31,4,0.1027,2.12,2.68,1.96,0.0538,1.01,85.9,311,0.1263,0.1536,0.1262,0.0,Low,0
DRV-0052,36,0,0.1452,5.12,4.04,3.19,0.1628,2.11,114.6,140,0.2335,0.2846,0.2638,48.6,Moderate,1
DRV-0053,49,0,0.0504,7.41,4.53,3.04,0.1136,1.61,113.9,171,0.2845,0.2298,0.2013,11.9,Low,0
DRV-0054,42,3,0.0856,7.48,4.22,2.89,0.1244,1.55,110.7,406,0.2777,0.2372,0.1938,11.7,Low,0
DRV-0055,18,0,0.0536,3.29,3.27,2.48,0.1179,0.9,96.5,366,0.1699,0.1664,0.1125,0.0,Low,0
DRV-0056,18,6,0.0043,1.96,3.95,2.78,0.0846,0.64,86.9,607,0.1606,0.1032,0.08,0.1,Low,0
DRV-0057,18,9,0.0813,3.62,3.61,2.33,0.086,0.84,97.6,68,0.1792,0.1857,0.105,0.2,Low,0
DRV-0058,21,1,0.2422,5.46,6.28,3.93,0.1497,1.85,111.9,518,0.2925,0.3278,0.2312,81.3,High,0
DRV-0059,28,3,0.0826,3.99,2.71,0.24,0.0403,0.5,70.5,595,0.1298,0.0848,0.0625,0.0,Low,0
DRV-0060,32,12,0.2402,8.59,8.59,6.72,0.2748,3.32,152.3,419,0.4494,0.4782,0.415,100.0,High,1
DRV-0061,37,2,0.0,1.48,1.17,2.97,0.025,0.16,79.8,245,0.1085,0.0742,0.02,0.0,Low,0
DRV-0062,37,2,0.0894,0.94,0.27,1.78,0.0586,0.1,77.3,617,0.0589,0.114,0.0125,0.0,Low,0
DRV-0063,37,1,0.0291,4.22,1.69,3.48,0.0994,0.42,92.1,958,0.1822,0.1364,0.0525,0.1,Low,0
DRV-0064,51,6,0.0,3.83,1.96,1.87,0.0749,0.98,92.1,304,0.1467,0.1204,0.1225,0.0,Low,0
DRV-0065,18,3,0.1273,3.78,2.91,2.54,0.0964,0.92,114.2,329,0.1749,0.2733,0.115,0.1,Low,0
DRV-0066,42,0,0.1442,4.72,2.7,2.97,0.0851,0.99,109.6,706,0.1988,0.2653,0.1238,0.0,Low,0
DRV-0067,41,4,0.0,9.04,4.74,2.31,0.1044,1.34,102.1,888,0.306,0.1579,0.1675,2.1,Low,0
DRV-0068,22,1,0.0,2.2,1.37,4.37,0.0766,0.59,102.1,252,0.1542,0.1579,0.0738,0.0,Low,0
DRV-0069,44,1,0.2087,8.98,7.22,6.23,0.2008,2.27,132.0,202,0.4245,0.3848,0.2838,99.9,High,1
DRV-0070,42,6,0.1091,6.29,1.89,1.65,0.1236,0.7,81.0,485,0.1903,0.1388,0.0875,0.6,Low,0
DRV-0071,37,7,0.0513,5.23,5.11,2.33,0.1346,1.02,109.5,302,0.2364,0.2138,0.1275,4.4,Low,0
DRV-0072,18,1,0.0,1.04,6.0,1.01,0.0638,0.44,63.1,143,0.141,0.0116,0.055,0.1,Low,0
DRV-0073,49,2,0.1189,4.87,2.73,3.99,0.1119,1.46,60.0,141,0.2227,0.0654,0.1825,0.8,Low,0
DRV-0074,40,11,0.156,7.82,9.38,6.71,0.1589,2.42,130.5,444,0.4469,0.3502,0.3025,100.0,High,1
DRV-0075,42,5,0.226,9.65,5.55,4.83,0.1882,2.05,129.5,1002,0.3821,0.3849,0.2562,99.7,High,1
DRV-0076,18,3,0.0837,6.08,6.08,5.31,0.1458,1.88,118.9,172,0.3291,0.2669,0.235,97.7,High,1
DRV-0077,31,3,0.0114,4.19,4.23,2.45,0.0921,1.09,117.8,336,0.2033,0.223,0.1362,0.4,Low,0
DRV-0078,20,17,0.1258,5.13,5.29,2.76,0.1206,0.94,98.1,397,0.246,0.2121,0.1175,1.5,Low,0
DRV-0079,53,13,0.1678,5.79,4.47,3.62,0.1814,1.98,110.3,290,0.2627,0.2809,0.2475,91.3,High,1
DRV-0080,24,10,0.1161,3.34,1.77,3.71,0.0752,0.7,103.4,149,0.1705,0.2266,0.0875,0.3,Low,0
DRV-0081,55,5,0.0975,7.73,6.3,3.39,0.1566,1.56,101.0,603,0.3274,0.2074,0.195,53.8,Moderate,0
DRV-0082,49,14,0.055,3.63,3.34,4.5,0.0984,2.32,100.6,208,0.2183,0.1825,0.29,2.9,Low,0
DRV-0083,40,3,0.1811,5.0,6.76,3.5,0.1694,1.35,105.8,166,0.2827,0.2714,0.1688,12.5,Low,0
DRV-0084,51,8,0.0815,11.56,7.89,4.36,0.2155,2.17,123.5,277,0.4499,0.283,0.2712,99.4,High,1
DRV-0085,26,3,0.0968,1.94,0.97,2.14,0.0376,0.49,81.0,459,0.0978,0.132,0.0612,0.0,Low,0
DRV-0086,28,10,0.189,5.94,4.73,2.72,0.1084,1.49,99.2,126,0.252,0.251,0.1862,6.4,Low,0
DRV-0087,49,4,0.2736,12.17,6.56,6.16,0.2352,2.88,117.3,426,0.4759,0.3654,0.36,99.9,High,1
DRV-0088,26,10,0.032,3.11,2.35,3.64,0.0872,1.59,87.3,197,0.1742,0.12,0.1988,0.1,Low,0
DRV-0089,22,9,0.0561,3.67,7.39,3.45,0.097,1.09,125.8,273,0.2656,0.2776,0.1362,7.3,Low,0
DRV-0090,34,5,0.0765,3.08,4.22,2.98,0.1003,0.98,97.2,686,0.1915,0.1816,0.1225,0.2,Low,0
DRV-0091,27,5,0.0,2.74,4.88,1.76,0.062,0.78,97.1,252,0.1713,0.1391,0.0975,0.0,Low,0
DRV-0092,60,0,0.0,6.96,0.94,1.37,0.0461,0.19,65.8,851,0.1823,0.0217,0.0238,0.0,Low,0
DRV-0093,47,1,0.0669,1.56,1.71,2.73,0.0274,0.93,117.2,378,0.1143,0.2513,0.1162,0.2,Low,0
DRV-0094,31,1,0.1691,8.75,5.06,4.04,0.1748,1.62,99.4,353,0.3401,0.2408,0.2025,84.7,High,0
DRV-0095,25,2,0.2359,10.82,9.67,7.2,0.2834,3.45,134.2,503,0.5216,0.408,0.4312,99.9,High,1
DRV-0096,42,5,0.0749,3.32,3.03,0.85,0.0637,0.73,87.1,310,0.1339,0.1428,0.0912,0.0,Low,0
DRV-0097,52,1,0.0633,1.28,1.62,1.11,0.1034,2.56,77.5,194,0.0748,0.1004,0.32,0.4,Low,0
DRV-0098,41,0,0.2049,5.15,6.28,5.07,0.1537,1.73,110.5,355,0.3091,0.3021,0.2162,75.8,High,0
DRV-0099,26,10,0.1413,4.6,3.52,3.1,0.147,1.41,86.3,382,0.2127,0.1763,0.1762,1.0,Low,0
DRV-0100,20,0,0.1918,4.49,4.27,3.01,0.1119,2.71,123.0,128,0.2212,0.3417,0.3388,11.5,Low,0
DRV-0101,33,12,0.1405,6.5,5.63,3.49,0.1344,1.41,116.9,379,0.2936,0.2907,0.1762,53.6,Moderate,0
DRV-0102,41,1,0.1082,2.85,2.1,1.36,0.1313,1.27,89.9,110,0.1192,0.1716,0.1588,0.2,Low,0
DRV-0103,32,6,0.0092,3.3,3.62,5.67,0.0838,1.03,79.9,185,0.2397,0.0797,0.1288,0.3,Low,0
DRV-0104,50,2,0.1149,5.72,4.56,4.71,0.1122,2.32,98.2,278,0.2846,0.2064,0.29,29.9,Low,0
DRV-0105,44,14,0.2001,8.83,6.14,8.2,0.2107,2.3,127.0,353,0.4429,0.3613,0.2875,99.9,High,1
DRV-0106,40,8,0.0612,2.99,2.31,3.09,0.0825,0.92,82.8,228,0.1601,0.1192,0.115,0.0,Low,0
DRV-0107,44,5,0.1046,2.96,3.69,2.02,0.1382,1.59,85.3,194,0.1611,0.1524,0.1988,0.1,Low,0
DRV-0108,21,0,0.243,8.53,6.82,4.76,0.1835,2.08,139.4,410,0.3795,0.4314,0.26,99.9,High,1
DRV-0109,32,4,0.0573,3.97,2.63,1.74,0.0359,0.71,89.6,239,0.158,0.1425,0.0888,0.0,Low,0
DRV-0110,25,2,0.1559,8.23,4.86,3.88,0.205,2.7,119.5,181,0.3232,0.3089,0.3375,99.5,High,1
DRV-0111,42,5,0.009,2.75,2.4,6.28,0.1047,1.23,98.5,244,0.2206,0.1493,0.1538,0.2,Low,0
DRV-0112,25,2,0.1864,5.16,3.72,3.27,0.135,1.44,105.6,210,0.2306,0.2735,0.18,6.8,Low,0
DRV-0113,38,8,0.1278,4.97,3.83,3.9,0.1639,1.69,103.7,1511,0.2412,0.2342,0.2112,8.7,Low,0
DRV-0114,36,1,0.0,1.3,1.45,1.54,0.0801,1.65,93.8,249,0.081,0.1267,0.2062,0.0,Low,0
DRV-0115,45,1,0.0473,3.89,1.94,2.35,0.0867,0.88,103.2,79,0.1571,0.188,0.11,0.2,Low,0
DRV-0116,23,3,0.0,4.97,2.72,3.19,0.1049,1.16,107.3,545,0.2085,0.1774,0.145,0.8,Low,0
DRV-0117,43,1,0.0282,4.9,1.08,3.66,0.0491,0.33,103.5,140,0.1892,0.1786,0.0412,0.0,Low,0
DRV-0118,25,1,0.0314,9.11,3.63,2.83,0.1029,0.52,90.2,381,0.2993,0.1305,0.065,0.9,Low,0
DRV-0119,26,5,0.0827,4.63,3.59,2.85,0.166,2.34,90.6,296,0.2094,0.1602,0.2925,2.4,Low,0
DRV-0120,36,1,0.1805,3.45,3.49,4.4,0.1479,1.48,112.6,526,0.2152,0.2965,0.185,7.0,Low,0
DRV-0121,52,6,0.0084,3.47,5.39,1.89,0.0808,1.03,94.8,232,0.197,0.1351,0.1288,0.1,Low,0
DRV-0122,27,1,0.1343,3.49,5.21,2.36,0.0994,1.69,91.8,359,0.2038,0.1931,0.2112,0.8,Low,0
DRV-0123,18,10,0.1956,2.49,2.22,2.11,0.0695,0.87,103.3,426,0.129,0.27,0.1088,0.5,Low,0
DRV-0124,26,9,0.1491,3.89,2.84,1.94,0.0863,0.85,103.8,139,0.1639,0.2463,0.1062,0.2,Low,0
DRV-0125,33,0,0.0756,5.3,2.29,1.92,0.0817,1.93,82.4,141,0.1826,0.1256,0.2412,0.2,Low,0
DRV-0126,60,0,0.0,3.58,2.71,0.7,0.0789,0.64,94.9,150,0.1308,0.1309,0.08,0.0,Low,0
DRV-0127,42,8,0.1202,7.51,8.27,5.08,0.2,2.35,148.6,113,0.3896,0.3984,0.2938,99.9,High,1
DRV-0128,28,11,0.2195,8.45,8.69,5.82,0.2349,3.1,139.7,345,0.4302,0.4196,0.3875,100.0,High,1
DRV-0129,36,5,0.0,0.66,1.04,1.24,0.0695,0.46,80.2,267,0.0553,0.0758,0.0575,0.0,Low,0
DRV-0130,56,10,0.0638,3.96,3.39,4.33,0.1066,1.08,84.4,620,0.2223,0.1266,0.135,0.0,Low,0
DRV-0131,35,4,0.168,8.07,8.8,4.77,0.2043,1.95,147.5,390,0.4035,0.4205,0.2438,99.9,High,1
DRV-0132,35,5,0.105,4.44,3.58,3.32,0.1141,1.38,99.2,260,0.2149,0.2048,0.1725,0.1,Low,0
DRV-0133,33,4,0.1898,8.73,4.59,3.71,0.1526,2.85,99.8,340,0.3253,0.2536,0.3562,96.9,High,1
DRV-0134,46,4,0.0033,3.96,2.25,2.47,0.0831,1.23,99.1,192,0.1661,0.1484,0.1538,0.0,Low,0
DRV-0135,31,6,0.0,0.88,1.71,0.66,0.025,0.39,96.6,561,0.0593,0.1372,0.0488,0.0,Low,0
DRV-0136,48,1,0.0,0.25,7.74,0.77,0.0103,0.11,96.1,578,0.1494,0.1354,0.0138,0.3,Low,0
DRV-0137,50,7,0.0976,5.17,5.04,3.44,0.1451,1.63,96.9,143,0.2562,0.1921,0.2037,29.8,Low,0
DRV-0138,45,1,0.1845,2.61,3.54,7.41,0.0744,1.1,95.8,1304,0.2594,0.2357,0.1375,1.9,Low,0
DRV-0139,35,2,0.1109,4.07,4.74,5.82,0.1508,1.81,102.2,242,0.2768,0.2192,0.2262,31.9,Low,0
DRV-0140,21,7,0.0113,4.17,3.76,3.2,0.122,1.34,116.4,220,0.2101,0.2177,0.1675,0.4,Low,0
DRV-0141,35,2,0.0565,1.94,1.51,2.19,0.1041,1.18,94.3,393,0.1078,0.1597,0.1475,0.0,Low,0
DRV-0142,29,23,0.1114,3.66,3.32,1.99,0.0765,1.12,101.2,507,0.1683,0.2158,0.14,0.1,Low,0
DRV-0143,28,4,0.1393,6.99,6.42,4.2,0.155,1.51,124.5,441,0.3308,0.3185,0.1888,92.1,High,1
DRV-0144,35,12,0.1192,6.97,5.86,5.37,0.1952,2.46,107.5,214,0.3445,0.2437,0.3075,98.9,High,1
DRV-0145,43,7,0.199,8.78,2.87,2.77,0.1656,1.51,106.4,498,0.2788,0.2835,0.1888,14.7,Low,0
DRV-0146,30,2,0.113,8.22,8.22,4.49,0.2052,2.41,123.2,192,0.3912,0.2992,0.3012,100.0,High,1
DRV-0147,21,8,0.0901,2.4,1.94,2.41,0.1358,1.38,90.9,442,0.1285,0.1654,0.1725,0.0,Low,0
DRV-0148,26,2,0.0358,0.82,0.81,0.67,0.0375,0.56,82.4,1090,0.0433,0.1037,0.07,0.0,Low,0
DRV-0149,58,2,0.0474,0.98,1.44,1.28,0.0748,0.82,84.2,192,0.0692,0.1168,0.1025,0.0,Low,0
DRV-0150,44,19,0.2103,5.54,5.41,2.5,0.124,1.5,97.8,237,0.251,0.2574,0.1875,13.3,Low,0
DRV-0151,26,7,0.0836,2.13,2.06,1.17,0.0824,1.18,124.1,548,0.1003,0.2864,0.1475,1.4,Low,0
DRV-0152,53,1,0.0412,2.87,4.25,1.95,0.0655,0.85,113.4,745,0.1672,0.2229,0.1062,0.4,Low,0
DRV-0153,35,2,0.1021,3.72,1.03,2.68,0.0714,1.31,101.3,506,0.1452,0.211,0.1638,0.0,Low,0
DRV-0154,65,2,0.0,2.96,0.7,0.95,0.0285,0.28,78.4,216,0.0899,0.069,0.035,0.0,Low,0
DRV-0155,41,9,0.0382,5.21,1.42,1.98,0.0301,0.5,75.0,339,0.1675,0.0773,0.0625,0.0,Low,0
DRV-0156,44,4,0.0792,5.71,5.04,4.57,0.1403,1.6,113.3,291,0.2896,0.2434,0.2,93.1,High,1
DRV-0157,48,14,0.0,3.74,2.99,3.28,0.052,0.93,93.5,1479,0.1902,0.1256,0.1162,0.3,Low,0
DRV-0158,55,8,0.134,4.88,6.01,3.08,0.163,1.78,92.5,347,0.2594,0.1956,0.2225,15.6,Low,0
DRV-0159,32,5,0.0379,3.82,1.87,3.23,0.0827,0.28,89.4,406,0.1722,0.1311,0.035,0.0,Low,0
DRV-0160,54,3,0.0,6.15,2.53,2.25,0.1039,0.87,109.1,429,0.2102,0.1841,0.1088,0.2,Low,0
DRV-0161,30,7,0.0879,3.69,1.83,1.95,0.0663,1.24,66.4,391,0.1433,0.0723,0.155,0.0,Low,0
DRV-0162,33,2,0.0,0.32,0.54,1.16,0.0278,0.18,70.8,525,0.0386,0.0405,0.0225,0.0,Low,0
DRV-0163,38,1,0.1273,2.93,3.93,3.24,0.0519,1.9,106.3,167,0.1889,0.2436,0.2375,1.3,Low,0
DRV-0164,49,3,0.0004,0.9,0.98,3.63,0.0555,0.97,89.4,746,0.1069,0.1105,0.1212,0.0,Low,0
DRV-0165,34,8,0.0601,4.48,7.42,3.44,0.1383,1.46,98.8,141,0.2821,0.1786,0.1825,12.9,Low,0
DRV-0166,57,5,0.1662,5.83,5.73,4.32,0.2145,1.78,125.8,428,0.2985,0.3382,0.2225,95.7,High,1
DRV-0167,53,2,0.1906,10.79,8.92,5.82,0.2454,2.74,129.0,191,0.4809,0.3636,0.3425,100.0,High,1
DRV-0168,38,6,0.115,2.19,1.58,1.66,0.0443,0.66,86.0,337,0.1033,0.1608,0.0825,0.0,Low,0
DRV-0169,26,1,0.0178,4.93,0.72,0.57,0.1039,0.26,70.4,625,0.122,0.0488,0.0325,0.4,Low,0
DRV-0170,50,0,0.1575,7.34,4.79,4.14,0.2048,1.71,118.3,124,0.3094,0.3052,0.2138,98.3,High,1
DRV-0171,18,3,0.0995,2.64,3.14,1.64,0.1097,1.79,106.8,297,0.1379,0.2302,0.2238,0.3,Low,0
DRV-0172,46,3,0.0204,5.28,2.39,2.47,0.143,0.95,92.7,97,0.1948,0.1338,0.1188,0.7,Low,0
DRV-0173,28,4,0.1039,6.54,5.34,5.04,0.162,2.4,129.2,431,0.3206,0.3166,0.3,99.7,High,1
DRV-0174,53,6,0.1786,5.54,6.77,4.49,0.1776,1.88,114.6,194,0.3134,0.303,0.235,99.0,High,1
DRV-0175,21,2,0.0074,3.07,2.37,3.03,0.1451,1.37,109.7,435,0.1615,0.1904,0.1713,0.2,Low,0
DRV-0176,30,13,0.0681,7.91,4.22,5.52,0.1379,2.04,105.1,267,0.3389,0.2066,0.255,57.6,Moderate,0
DRV-0177,43,1,0.0728,9.36,1.13,0.98,0.071,0.75,103.8,798,0.2256,0.2043,0.0938,0.3,Low,0
DRV-0178,45,15,0.0516,0.72,1.13,1.75,0.0335,1.31,92.8,687,0.0682,0.1514,0.1638,0.0,Low,0
DRV-0179,30,1,0.0,2.77,1.43,1.37,0.0957,0.42,92.3,430,0.1066,0.1211,0.0525,0.0,Low,0
DRV-0180,34,5,0.09,5.02,4.46,3.35,0.173,1.77,112.4,618,0.2417,0.246,0.2212,25.3,Low,0
DRV-0181,49,0,0.0868,7.71,6.24,5.6,0.1449,1.51,106.6,1131,0.3702,0.2225,0.1888,84.3,High,1
DRV-0182,50,0,0.1737,4.43,6.81,2.18,0.0691,1.19,89.0,189,0.2457,0.2043,0.1488,1.2,Low,0
DRV-0183,33,2,0.0592,0.35,1.25,0.14,0.0075,0.25,84.2,739,0.0306,0.1233,0.0312,0.0,Low,0
DRV-0184,30,0,0.1297,5.99,6.1,3.94,0.1845,1.98,101.0,386,0.3003,0.2251,0.2475,95.5,High,1
DRV-0185,21,5,0.1266,3.2,2.92,3.34,0.083,1.62,93.8,229,0.1795,0.1964,0.2025,0.3,Low,0
DRV-0186,41,5,0.0,2.88,2.3,2.24,0.1045,0.99,86.2,531,0.1407,0.0982,0.1238,0.0,Low,0
DRV-0187,47,2,0.0,1.7,1.04,1.18,0.0205,0.1,88.8,378,0.0749,0.108,0.0125,0.0,Low,0
DRV-0188,39,2,0.0373,2.43,4.5,0.91,0.06,0.47,94.1,184,0.1418,0.1484,0.0588,0.0,Low,0
DRV-0189,26,2,0.2349,11.28,8.12,5.59,0.213,2.87,142.7,255,0.4727,0.4393,0.3588,100.0,High,1
DRV-0190,59,1,0.1221,5.38,4.06,6.83,0.1328,1.45,105.2,1186,0.3119,0.2367,0.1812,33.7,Low,0
DRV-0191,18,5,0.2484,8.19,7.02,5.84,0.2009,3.89,123.7,350,0.3976,0.3755,0.4862,99.8,High,1
DRV-0192,48,14,0.086,4.08,3.1,2.16,0.0957,1.84,81.0,1080,0.1765,0.126,0.23,0.0,Low,0
DRV-0193,40,1,0.1062,5.74,4.08,3.74,0.145,1.55,109.8,205,0.2576,0.2452,0.1938,19.6,Low,0
DRV-0194,43,0,0.1301,5.5,5.09,4.15,0.1494,2.46,130.6,254,0.2778,0.3363,0.3075,98.0,High,1
DRV-0195,28,12,0.1501,6.39,5.77,8.57,0.1772,1.87,119.3,102,0.3954,0.3049,0.2338,99.5,High,1
DRV-0196,36,5,0.146,6.15,4.78,5.09,0.1188,2.55,110.5,558,0.3045,0.2697,0.3188,39.1,Low,0
DRV-0197,41,6,0.1145,3.16,5.3,2.58,0.1197,1.12,100.5,442,0.2031,0.2148,0.14,0.3,Low,0
DRV-0198,36,5,0.202,10.48,5.95,5.76,0.1959,2.83,126.5,296,0.424,0.3605,0.3538,100.0,High,1
DRV-0199,18,3,0.0632,6.19,4.18,4.0,0.1169,1.88,122.6,215,0.2735,0.2695,0.235,27.0,Low,0
DRV-0200,58,1,0.0,1.84,3.0,1.93,0.0557,0.37,111.1,679,0.1254,0.1916,0.0462,0.0,Low,0
DRV-0201,45,13,0.03,0.93,1.47,0.78,0.0325,0.95,87.4,281,0.0587,0.1193,0.1188,0.0,Low,0
DRV-0202,38,3,0.277,6.94,5.55,4.58,0.1842,2.71,129.9,372,0.3229,0.4145,0.3388,99.9,High,1
DRV-0203,39,0,0.0757,2.34,2.38,1.54,0.0774,1.02,92.3,195,0.1173,0.1628,0.1275,0.0,Low,0
DRV-0204,58,3,0.0628,5.42,3.81,2.57,0.1104,1.33,98.7,296,0.2233,0.1797,0.1662,0.0,Low,0
DRV-0205,29,1,0.079,2.6,4.1,2.23,0.0701,0.67,93.5,389,0.1649,0.1691,0.0838,0.1,Low,0
DRV-0206,26,13,0.0,3.15,5.62,1.5,0.0861,1.19,89.3,211,0.1867,0.1099,0.1488,0.0,Low,0
DRV-0207,48,7,0.1994,4.5,4.39,4.38,0.1871,1.84,109.2,293,0.2508,0.2942,0.23,33.8,Low,0
DRV-0208,43,0,0.086,4.61,2.53,2.1,0.1005,0.86,104.6,759,0.1764,0.2146,0.1075,0.0,Low,0
DRV-0209,25,3,0.0143,2.48,1.95,1.97,0.06,0.84,93.2,344,0.1215,0.1324,0.105,0.0,Low,0
DRV-0210,51,4,0.1524,6.13,5.59,5.51,0.1626,1.68,113.8,836,0.326,0.2856,0.21,96.7,High,1
DRV-0211,41,2,0.0196,2.82,2.77,1.8,0.0713,0.78,93.2,588,0.1386,0.1353,0.0975,0.0,Low,0
DRV-0212,27,1,0.1982,5.17,3.73,3.99,0.1414,2.46,95.8,594,0.2454,0.2433,0.3075,15.6,Low,0
DRV-0213,43,13,0.1703,10.74,6.28,5.91,0.1627,2.43,131.3,262,0.4377,0.361,0.3038,100.0,High,1
DRV-0214,42,0,0.2844,10.53,10.98,7.05,0.2458,3.01,137.9,145,0.5346,0.4485,0.3762,99.9,High,1
DRV-0215,36,3,0.0784,1.76,1.58,1.28,0.0652,3.08,76.2,627,0.0871,0.1039,0.385,1.1,Low,0
DRV-0216,42,3,0.045,3.29,3.5,2.07,0.1677,3.02,106.0,273,0.1655,0.1972,0.3775,3.4,Low,0
DRV-0217,45,0,0.0466,5.27,1.66,1.6,0.052,0.42,94.1,243,0.1651,0.1535,0.0525,0.0,Low,0
DRV-0218,48,5,0.1059,7.17,4.08,3.46,0.1688,1.38,90.1,176,0.2806,0.1711,0.1725,10.8,Low,0
DRV-0219,39,2,0.0,2.38,2.1,2.41,0.0582,1.82,98.0,1664,0.1308,0.1425,0.2275,0.0,Low,0
DRV-0220,34,1,0.2458,9.29,7.68,8.69,0.2069,3.1,140.3,307,0.4876,0.4363,0.3875,100.0,High,1
DRV-0221,40,4,0.0845,3.34,2.75,3.21,0.1241,1.69,123.6,468,0.1768,0.285,0.2112,5.8,Low,0
DRV-0222,52,1,0.1569,5.13,4.96,4.24,0.1453,1.99,111.3,205,0.2701,0.2787,0.2488,90.6,High,1
DRV-0223,45,1,0.0192,1.17,0.66,0.45,0.0462,1.21,83.3,1096,0.0434,0.0979,0.1512,0.0,Low,0
DRV-0224,34,5,0.0645,4.05,1.82,2.47,0.0823,0.53,83.9,301,0.1607,0.1251,0.0662,0.0,Low,0
DRV-0225,38,1,0.1694,4.11,2.81,3.57,0.1069,1.0,106.3,373,0.2004,0.2668,0.125,0.4,Low,0
DRV-0226,57,2,0.0284,3.89,6.87,2.83,0.1634,1.06,102.6,115,0.2489,0.1754,0.1325,3.6,Low,0
DRV-0227,46,1,0.0777,3.88,3.04,2.4,0.1488,1.71,114.3,868,0.1763,0.2464,0.2138,0.3,Low,0
DRV-0228,39,3,0.1094,5.51,2.35,2.72,0.1266,1.16,90.6,586,0.2038,0.1749,0.145,0.2,Low,0
DRV-0229,51,5,0.0633,1.56,1.15,1.95,0.0383,1.0,93.5,153,0.0894,0.1604,0.125,0.0,Low,0
DRV-0230,31,7,0.1206,3.38,3.25,2.82,0.144,1.01,98.4,1032,0.1782,0.2103,0.1262,0.1,Low,0
DRV-0231,41,0,0.3471,7.62,5.47,4.62,0.1713,1.84,99.5,236,0.336,0.339,0.23,98.7,High,1
DRV-0232,60,3,0.1346,3.75,5.92,2.61,0.0951,1.23,109.9,481,0.2259,0.2612,0.1538,1.1,Low,0
DRV-0233,45,3,0.15,7.86,2.53,2.06,0.1081,2.08,77.8,208,0.2406,0.1492,0.26,1.8,Low,0
DRV-0234,57,2,0.0359,3.13,2.84,2.04,0.054,1.54,90.5,660,0.1507,0.1341,0.1925,0.2,Low,0
DRV-0235,36,9,0.0979,13.2,5.9,3.64,0.1886,2.75,114.3,363,0.4351,0.2575,0.3438,98.8,High,1
DRV-0236,32,4,0.1142,4.6,5.19,3.26,0.2087,1.45,110.3,403,0.2437,0.2514,0.1812,8.8,Low,0
DRV-0237,51,1,0.1461,5.65,3.89,2.48,0.1573,2.47,104.2,622,0.2274,0.2461,0.3088,7.0,Low,0
DRV-0238,18,2,0.1156,10.28,5.44,2.51,0.1154,1.52,101.3,483,0.3465,0.2185,0.19,6.7,Low,0
DRV-0239,40,0,0.033,0.84,1.21,0.37,0.0562,0.83,86.4,469,0.0444,0.1172,0.1038,0.0,Low,0
DRV-0240,50,11,0.0447,3.91,2.5,1.59,0.0708,3.26,91.9,211,0.1517,0.1442,0.4075,1.6,Low,0
DRV-0241,44,5,0.0235,2.4,2.54,2.73,0.1138,1.91,121.9,440,0.1449,0.245,0.2388,0.5,Low,0
DRV-0242,18,2,0.023,1.22,1.44,0.83,0.0851,0.54,83.6,993,0.065,0.1011,0.0675,0.0,Low,0
DRV-0243,21,1,0.0915,3.18,2.99,1.78,0.0432,1.4,76.3,414,0.149,0.1114,0.175,0.1,Low,0
DRV-0244,36,3,0.1126,2.67,3.76,1.71,0.0677,1.0,77.3,237,0.1503,0.1268,0.125,0.0,Low,0
DRV-0245,43,22,0.0,0.8,2.9,2.21,0.041,0.34,92.6,744,0.1085,0.1222,0.0425,0.0,Low,0
DRV-0246,44,6,0.0608,1.19,1.65,0.44,0.0387,1.27,64.3,395,0.0601,0.0496,0.1588,0.0,Low,0
DRV-0247,37,5,0.0465,3.58,3.46,3.26,0.14,0.94,85.0,785,0.1945,0.1193,0.1175,0.4,Low,0
DRV-0248,46,5,0.0504,0.89,8.52,1.48,0.0309,1.26,68.9,419,0.1894,0.0611,0.1575,0.5,Low,0
DRV-0249,43,3,0.0666,3.21,3.87,2.21,0.0752,3.42,103.3,529,0.1729,0.199,0.4275,1.7,Low,0
DRV-0250,36,4,0.1516,4.01,5.7,3.92,0.1289,0.62,109.1,119,0.2536,0.2675,0.0775,3.1,Low,0
DRV-0251,44,7,0.0694,5.9,4.56,3.6,0.0871,1.15,90.3,575,0.266,0.1518,0.1438,1.4,Low,0
DRV-0252,30,4,0.0716,4.34,4.85,3.43,0.0692,1.47,99.0,68,0.2362,0.1856,0.1838,0.7,Low,0
DRV-0253,45,7,0.1338,4.77,3.87,3.42,0.0939,1.41,70.6,635,0.2283,0.1133,0.1762,0.4,Low,0
DRV-0254,27,4,0.0,6.39,1.39,2.74,0.0712,0.36,78.3,506,0.2058,0.0686,0.045,0.0,Low,0
DRV-0255,43,4,0.0264,1.59,0.91,2.12,0.06,0.78,94.3,679,0.0894,0.1431,0.0975,0.0,Low,0
DRV-0256,43,3,0.0405,2.57,2.48,4.18,0.0646,1.63,89.2,271,0.1763,0.1318,0.2037,0.0,Low,0
DRV-0257,34,9,0.1986,9.51,6.65,5.84,0.2181,2.59,144.4,954,0.4178,0.4257,0.3238,99.9,High,1
DRV-0258,45,0,0.0271,2.83,3.99,2.5,0.073,2.22,65.4,415,0.1731,0.0352,0.2775,0.4,Low,0
DRV-0259,56,5,0.1383,6.42,2.7,4.25,0.0888,0.72,87.5,409,0.2584,0.1792,0.09,0.7,Low,0
DRV-0260,25,3,0.077,6.06,5.18,4.13,0.1507,1.68,111.2,377,0.2901,0.2344,0.21,79.7,High,0
DRV-0261,49,2,0.0597,3.01,1.33,2.13,0.063,0.3,91.1,1117,0.125,0.1495,0.0375,0.0,Low,0
DRV-0262,51,0,0.075,5.04,3.31,1.33,0.171,0.87,99.0,495,0.1826,0.1875,0.1088,0.8,Low,0
DRV-0263,35,5,0.0,3.93,4.57,3.57,0.0714,0.9,97.5,172,0.2262,0.1406,0.1125,0.0,Low,0
DRV-0264,47,5,0.1867,6.35,6.38,4.0,0.1572,1.62,101.8,340,0.3133,0.2594,0.2025,94.5,High,1
DRV-0265,34,2,0.0045,4.24,2.95,3.7,0.1022,1.93,91.1,518,0.208,0.1191,0.2412,0.2,Low,0
DRV-0266,53,3,0.1289,6.84,4.36,4.0,0.1268,1.82,128.6,875,0.2895,0.3281,0.2275,55.0,Moderate,0
DRV-0267,18,0,0.0512,2.82,3.5,1.99,0.0897,0.92,83.5,256,0.1545,0.1163,0.115,0.0,Low,0
DRV-0268,55,4,0.1813,6.98,5.61,6.98,0.1958,2.02,104.3,1450,0.3727,0.2658,0.2525,95.1,High,1
DRV-0269,24,2,0.0274,5.72,3.5,2.77,0.1647,1.29,112.2,384,0.2281,0.2108,0.1612,1.4,Low,0
DRV-0270,39,3,0.2,8.04,5.82,5.35,0.1996,2.54,111.3,317,0.3648,0.3024,0.3175,99.8,High,1
DRV-0271,28,1,0.1401,3.03,3.99,2.3,0.1209,0.87,120.8,155,0.1731,0.3051,0.1088,2.0,Low,0
DRV-0272,55,15,0.1085,8.5,6.59,3.6,0.1596,1.84,148.7,771,0.3518,0.3923,0.23,96.0,High,1
DRV-0273,35,6,0.1155,6.08,5.56,4.06,0.2146,1.68,111.8,252,0.2955,0.2578,0.21,95.8,High,1
DRV-0274,31,9,0.1915,7.24,8.35,3.8,0.1778,2.19,121.3,179,0.36,0.3352,0.2738,99.7,High,1
DRV-0275,51,0,0.095,2.31,2.2,2.01,0.1135,0.81,73.2,245,0.1231,0.1018,0.1013,0.0,Low,0
DRV-0276,46,5,0.0,6.71,4.85,3.45,0.1535,1.45,123.0,829,0.284,0.2362,0.1812,50.7,Moderate,0
DRV-0277,33,3,0.212,5.54,2.63,3.75,0.1886,0.96,74.0,544,0.2296,0.1691,0.12,2.3,Low,0
DRV-0278,26,4,0.0609,1.32,2.62,1.48,0.0394,0.43,70.6,289,0.0997,0.0732,0.0538,0.0,Low,0
DRV-0279,24,0,0.118,3.16,3.18,1.95,0.1496,1.3,98.8,275,0.1552,0.2104,0.1625,0.1,Low,0
DRV-0280,53,7,0.0941,4.09,5.52,2.69,0.1547,1.7,110.1,843,0.2276,0.2396,0.2125,2.3,Low,0
DRV-0281,43,12,0.0,9.77,2.05,1.95,0.0387,1.93,69.9,457,0.2686,0.0371,0.2412,3.2,Low,0
DRV-0282,40,3,0.1198,3.18,3.83,1.95,0.1056,0.8,91.6,483,0.1664,0.1844,0.1,0.0,Low,0
DRV-0283,43,1,0.152,12.32,7.44,4.53,0.1661,2.26,102.6,613,0.461,0.2434,0.2825,96.6,High,1
DRV-0284,18,0,0.0727,1.92,1.75,0.95,0.0571,0.42,85.4,63,0.0866,0.1352,0.0525,0.1,Low,0
DRV-0285,34,0,0.1479,6.33,5.77,4.5,0.1762,3.34,107.2,562,0.3128,0.2583,0.4175,96.7,High,1
DRV-0286,34,14,0.2247,8.58,7.93,5.9,0.1956,2.39,120.5,197,0.4218,0.3505,0.2988,99.9,High,1
DRV-0287,49,3,0.0,4.38,1.68,1.0,0.0739,1.23,97.1,132,0.1356,0.1391,0.1538,0.0,Low,0
DRV-0288,20,7,0.0929,4.08,1.83,1.51,0.0464,0.87,92.8,787,0.1423,0.1741,0.1088,0.0,Low,0
DRV-0289,50,9,0.0988,7.11,5.26,9.98,0.1672,2.42,125.6,979,0.4295,0.3003,0.3025,99.2,High,1
DRV-0290,59,13,0.1875,3.0,2.19,1.37,0.1405,0.55,90.5,398,0.1239,0.2175,0.0688,0.6,Low,0
DRV-0291,18,13,0.1568,0.86,0.85,4.17,0.0309,0.65,93.8,509,0.1148,0.213,0.0812,0.0,Low,0
DRV-0292,38,3,0.1237,1.98,1.26,1.83,0.0343,0.39,85.5,887,0.0972,0.1637,0.0488,0.0,Low,0
DRV-0293,43,10,0.2842,8.25,6.05,4.91,0.2591,2.45,121.6,815,0.364,0.3873,0.3062,99.9,High,1
DRV-0294,48,8,0.0081,3.49,0.76,0.78,0.0704,0.54,89.9,795,0.0981,0.1166,0.0675,0.0,Low,0
DRV-0295,18,8,0.0829,1.03,1.28,1.99,0.0161,0.34,77.9,439,0.0817,0.1127,0.0425,0.0,Low,0
DRV-0296,42,2,0.0754,3.55,2.87,2.08,0.0766,1.46,94.6,296,0.1604,0.1712,0.1825,0.0,Low,0
DRV-0297,35,2,0.1003,8.9,6.84,4.64,0.1659,2.88,137.0,212,0.3848,0.3439,0.36,99.8,High,1
DRV-0298,34,6,0.2025,4.27,4.34,2.99,0.1116,1.17,117.4,461,0.2175,0.3266,0.1462,5.5,Low,0
DRV-0299,62,1,0.1838,6.2,4.26,3.01,0.1295,1.17,103.0,319,0.2552,0.2623,0.1462,8.1,Low,0
DRV-0300,35,7,0.2398,8.45,6.95,5.87,0.2498,3.46,145.7,215,0.4022,0.4533,0.4325,100.0,High,1
DRV-0301,43,3,0.0,2.55,4.06,3.93,0.0652,0.78,73.7,470,0.1973,0.0514,0.0975,0.1,Low,0
DRV-0302,36,4,0.0684,3.63,3.54,4.04,0.1157,1.39,100.2,154,0.2124,0.1884,0.1737,0.0,Low,0
DRV-0303,40,4,0.0,5.9,2.15,1.07,0.0519,2.11,78.6,346,0.1752,0.0697,0.2638,1.1,Low,0
DRV-0304,44,3,0.1354,5.71,4.11,2.98,0.0747,0.96,98.0,450,0.2423,0.217,0.12,0.6,Low,0
DRV-0305,48,21,0.0,4.27,2.47,2.99,0.0987,1.08,105.7,405,0.1864,0.1714,0.135,0.0,Low,0
DRV-0306,28,6,0.1314,4.93,3.48,2.99,0.1675,1.73,112.8,548,0.2164,0.2703,0.2162,3.5,Low,0
DRV-0307,39,3,0.0611,8.57,3.23,8.01,0.1117,1.27,110.6,430,0.3854,0.2234,0.1588,3.8,Low,0
DRV-0308,40,3,0.0,1.95,3.62,1.41,0.0744,0.74,91.1,1373,0.1275,0.1166,0.0925,0.0,Low,0
DRV-0309,18,0,0.0417,1.87,1.06,1.09,0.1011,0.96,84.3,338,0.0769,0.1141,0.12,0.0,Low,0
DRV-0310,26,1,0.0127,1.27,6.0,1.39,0.1118,0.69,101.9,331,0.1532,0.1641,0.0862,0.0,Low,0
DRV-0311,48,5,0.2765,8.71,6.92,6.49,0.2197,2.84,113.2,299,0.4193,0.3516,0.355,100.0,High,1
DRV-0312,32,0,0.0,3.62,3.19,6.74,0.0505,1.39,84.2,273,0.2604,0.0908,0.1737,0.2,Low,0
DRV-0313,69,1,0.0,2.38,0.72,1.35,0.0921,0.29,90.2,162,0.0866,0.1133,0.0362,0.0,Low,0
DRV-0314,49,6,0.0189,9.23,6.18,4.05,0.1763,2.96,135.4,186,0.3686,0.2931,0.37,97.5,High,1
DRV-0315,43,8,0.0,6.59,1.69,1.52,0.0641,1.33,87.5,611,0.1904,0.1031,0.1662,0.0,Low,0
DRV-0316,56,3,0.1629,4.08,1.64,1.97,0.0695,0.61,89.4,153,0.1483,0.1998,0.0762,0.0,Low,0
DRV-0317,47,0,0.1873,2.48,1.91,1.57,0.0556,0.97,78.8,390,0.1128,0.1735,0.1212,0.0,Low,0
DRV-0318,40,2,0.108,4.9,4.42,2.82,0.1386,1.1,96.9,212,0.2281,0.1978,0.1375,0.7,Low,0
DRV-0319,21,3,0.106,11.84,4.58,4.24,0.143,2.59,124.0,330,0.3979,0.2983,0.3238,98.2,High,1
DRV-0320,45,8,0.0289,7.77,1.83,5.01,0.0562,0.96,109.6,681,0.2861,0.2019,0.12,1.2,Low,0
DRV-0321,54,7,0.2335,8.22,7.05,10.58,0.1861,1.88,117.9,276,0.4935,0.3456,0.235,99.6,High,1
DRV-0322,30,0,0.092,4.98,4.2,5.06,0.1979,1.4,98.5,471,0.2708,0.195,0.175,19.9,Low,0
DRV-0323,18,10,0.0746,2.68,1.76,2.42,0.0941,1.48,94.6,280,0.1313,0.1708,0.185,0.0,Low,0
DRV-0324,25,3,0.1574,5.76,4.78,5.72,0.1869,1.67,96.8,226,0.3093,0.2246,0.2088,93.9,High,1
DRV-0325,59,7,0.1336,5.89,5.15,3.9,0.183,2.31,133.2,370,0.2816,0.348,0.2888,98.0,High,1
DRV-0326,38,0,0.0729,5.37,3.78,2.58,0.1184,1.1,89.1,405,0.222,0.1492,0.1375,0.0,Low,0
DRV-0327,55,5,0.2852,11.25,11.65,6.27,0.2347,3.16,144.9,260,0.5446,0.4752,0.395,99.9,High,1
DRV-0328,38,9,0.1172,7.3,5.83,4.71,0.2108,2.11,123.8,290,0.3374,0.3037,0.2638,100.0,High,1
DRV-0329,32,7,0.1445,8.94,4.38,3.23,0.1263,1.76,114.4,79,0.3164,0.2835,0.22,34.3,Low,0
DRV-0330,63,2,0.1477,9.67,5.78,4.49,0.1684,1.94,123.3,703,0.3795,0.3186,0.2425,99.6,High,1
DRV-0331,33,3,0.1915,9.39,5.46,4.45,0.1677,2.0,122.1,51,0.3678,0.3382,0.25,99.7,High,1
DRV-0332,35,3,0.0925,2.84,0.98,1.17,0.0273,0.11,87.3,756,0.0965,0.1532,0.0138,0.0,Low,0
DRV-0333,43,2,0.0,2.26,8.91,0.35,0.0135,0.57,92.3,476,0.2007,0.1211,0.0712,0.4,Low,0
DRV-0334,34,4,0.0819,1.24,1.85,0.64,0.0539,0.67,107.7,817,0.0684,0.2239,0.0838,0.1,Low,0
DRV-0335,47,0,0.0579,6.34,6.77,4.17,0.1536,1.96,104.6,1401,0.323,0.1991,0.245,88.6,High,1
DRV-0336,43,0,0.0323,4.16,2.65,1.65,0.0716,1.38,71.8,778,0.1604,0.062,0.1725,0.0,Low,0
DRV-0337,43,0,0.0239,2.45,5.19,0.96,0.028,0.47,66.5,226,0.1547,0.0375,0.0588,0.3,Low,0
DRV-0338,30,2,0.1627,2.49,1.59,1.35,0.0656,0.71,69.1,1453,0.1033,0.1236,0.0888,0.1,Low,0
DRV-0339,18,0,0.0,3.67,3.57,2.89,0.2097,1.57,89.7,161,0.1907,0.1114,0.1962,1.2,Low,0
DRV-0340,28,15,0.1293,5.32,4.71,5.67,0.1562,1.64,95.0,105,0.2983,0.2024,0.205,62.5,Moderate,0
DRV-0341,29,2,0.1356,4.74,1.71,1.25,0.0424,1.69,86.0,999,0.1483,0.1721,0.2112,0.0,Low,0
DRV-0342,41,1,0.0747,5.23,4.07,3.04,0.1426,1.38,118.1,519,0.2332,0.259,0.1725,2.0,Low,0
DRV-0343,28,1,0.113,4.99,5.72,3.4,0.1467,1.42,116.3,96,0.2631,0.2733,0.1775,36.8,Low,0
DRV-0344,20,4,0.2395,11.17,8.07,11.39,0.279,2.35,122.7,204,0.5857,0.3668,0.2938,100.0,High,1
DRV-0345,24,1,0.1111,6.14,3.67,2.29,0.1057,1.52,96.4,435,0.2298,0.1976,0.19,0.6,Low,0
DRV-0346,42,2,0.4041,11.76,9.1,7.52,0.2773,3.9,175.0,293,0.5373,0.6535,0.4875,99.8,High,1
DRV-0347,46,6,0.0989,2.67,2.2,3.23,0.1283,0.99,103.6,287,0.1547,0.2179,0.1238,0.0,Low,0
DRV-0348,31,2,0.1272,3.17,2.71,2.02,0.0679,1.64,92.9,856,0.149,0.1933,0.205,0.0,Low,0
DRV-0349,33,2,0.1316,8.36,4.59,4.12,0.1645,1.55,116.5,1432,0.3261,0.2843,0.1938,89.8,High,1
DRV-0350,45,0,0.1578,7.84,7.94,4.78,0.1771,2.89,122.8,521,0.3847,0.3223,0.3612,99.9,High,1
DRV-0351,39,7,0.0088,1.12,2.34,0.58,0.0652,1.85,109.2,316,0.073,0.1893,0.2312,0.0,Low,0
DRV-0352,52,1,0.0,4.39,3.7,3.37,0.0563,0.84,87.4,848,0.2169,0.1028,0.105,0.1,Low,0
DRV-0353,36,15,0.1337,5.25,4.05,3.63,0.1467,1.51,105.7,235,0.2451,0.2449,0.1888,14.3,Low,0
DRV-0354,28,0,0.137,7.73,5.06,3.84,0.1612,2.76,96.8,86,0.3157,0.2134,0.345,94.9,High,1
DRV-0355,51,5,0.0,2.27,1.37,1.03,0.0641,0.31,78.2,75,0.0888,0.0683,0.0388,0.1,Low,0
DRV-0356,34,9,0.1235,4.83,3.31,3.88,0.0859,1.25,94.8,267,0.2294,0.1984,0.1562,0.0,Low,0
DRV-0357,28,8,0.1452,7.5,9.7,5.9,0.1955,2.15,134.7,586,0.4297,0.36,0.2688,99.9,High,1
DRV-0358,48,4,0.1577,7.23,4.11,3.88,0.1729,1.81,96.2,349,0.2907,0.2225,0.2262,51.1,Moderate,0
DRV-0359,55,1,0.0552,3.92,2.49,2.85,0.104,1.1,99.8,695,0.1769,0.1796,0.1375,0.0,Low,0
DRV-0360,40,3,0.3215,9.28,7.96,6.45,0.2727,2.7,130.3,483,0.4473,0.4405,0.3375,99.9,High,1
DRV-0361,25,1,0.1138,5.23,4.08,3.21,0.1967,2.97,98.2,718,0.2368,0.2058,0.3713,22.0,Low,1
DRV-0362,56,8,0.1963,7.74,4.54,3.7,0.1608,1.71,102.5,257,0.3045,0.2673,0.2138,93.7,High,1
DRV-0363,42,13,0.2147,7.87,7.02,7.34,0.2779,2.51,124.5,349,0.4212,0.36,0.3137,100.0,High,1
DRV-0364,40,6,0.1774,6.08,4.32,4.61,0.1848,1.57,111.6,402,0.2858,0.2911,0.1962,72.3,High,0
DRV-0365,33,7,0.0816,3.17,2.36,1.79,0.1218,1.54,94.8,296,0.1385,0.1754,0.1925,0.2,Low,0
DRV-0366,51,5,0.0384,5.68,7.32,4.37,0.134,1.43,101.6,109,0.323,0.1771,0.1788,56.0,Moderate,1
DRV-0367,24,1,0.1714,4.29,5.74,3.0,0.1316,2.13,103.7,598,0.2415,0.2581,0.2662,5.5,Low,0
DRV-0368,23,14,0.05,4.19,1.97,1.43,0.1106,1.35,88.7,327,0.1452,0.1351,0.1688,0.0,Low,0
DRV-0369,60,0,0.3194,12.96,8.59,6.53,0.2591,3.16,129.7,303,0.533,0.437,0.395,99.8,High,1
DRV-0370,27,5,0.18,4.93,5.53,5.46,0.1481,1.4,112.7,285,0.3,0.2966,0.175,61.9,Moderate,1
DRV-0371,49,15,0.1149,6.86,4.86,4.81,0.1612,2.34,138.6,184,0.3144,0.3579,0.2925,99.7,High,1
DRV-0372,54,2,0.0857,5.98,4.35,3.22,0.1627,2.05,110.3,234,0.2565,0.2358,0.2562,64.0,Moderate,1
DRV-0373,40,6,0.0577,1.6,2.06,1.7,0.0522,0.35,66.7,448,0.1003,0.0569,0.0438,0.0,Low,0
DRV-0374,27,0,0.1101,8.07,6.75,2.94,0.1432,1.84,127.0,280,0.3327,0.3118,0.23,38.4,Low,0
DRV-0375,45,4,0.1091,4.55,2.9,3.43,0.1016,0.86,107.2,644,0.2079,0.237,0.1075,0.3,Low,0
DRV-0376,54,7,0.0255,2.13,7.7,1.8,0.0434,1.3,105.5,198,0.2069,0.1846,0.1625,0.3,Low,0
DRV-0377,42,6,0.1486,4.09,2.82,3.02,0.0955,1.69,99.4,203,0.1892,0.2295,0.2112,0.8,Low,0
DRV-0378,29,4,0.1031,2.85,5.59,1.79,0.1028,0.79,88.4,750,0.186,0.1632,0.0988,0.1,Low,0
DRV-0379,41,2,0.2437,7.8,8.66,5.25,0.267,2.74,121.0,463,0.4053,0.3628,0.3425,99.9,High,1
DRV-0380,21,0,0.0377,3.81,2.06,2.09,0.0727,0.62,107.4,883,0.1523,0.1985,0.0775,0.1,Low,0
DRV-0381,26,6,0.0619,2.09,1.99,1.44,0.0557,1.07,110.2,644,0.1038,0.2223,0.1338,0.1,Low,0
DRV-0382,34,4,0.1297,2.73,3.27,2.03,0.1071,0.72,82.2,149,0.1497,0.1546,0.09,0.0,Low,0
DRV-0383,38,0,0.155,8.58,8.49,4.19,0.163,3.18,85.9,301,0.3969,0.1824,0.3975,88.4,High,1
DRV-0384,23,2,0.0501,1.33,0.86,2.21,0.0449,1.1,84.0,734,0.0851,0.1176,0.1375,0.0,Low,0
DRV-0385,40,0,0.1434,8.59,7.55,3.36,0.157,2.46,101.3,1335,0.3648,0.2337,0.3075,79.6,High,1
DRV-0386,44,2,0.1072,4.88,3.43,2.73,0.111,1.42,94.3,256,0.2094,0.1876,0.1775,0.1,Low,0
DRV-0387,35,10,0.2443,6.53,5.05,3.61,0.1609,1.99,109.3,214,0.287,0.3192,0.2488,97.5,High,1
DRV-0388,18,4,0.1559,3.63,3.0,3.98,0.0756,1.02,104.1,1038,0.2022,0.2511,0.1275,0.7,Low,0
DRV-0389,39,3,0.1429,7.84,4.5,4.11,0.1291,1.63,102.2,294,0.314,0.2368,0.2037,85.3,High,1
DRV-0390,59,5,0.1575,5.0,4.47,3.57,0.133,1.6,114.7,541,0.2459,0.2918,0.2,67.6,Moderate,1
DRV-0391,43,25,0.0041,4.46,2.33,1.52,0.1327,1.45,89.1,318,0.1584,0.1114,0.1812,0.5,Low,0
DRV-0392,38,2,0.0055,1.69,0.73,0.63,0.0342,0.28,60.0,348,0.0586,0.003,0.035,0.0,Low,0
DRV-0393,33,5,0.158,6.49,9.49,3.75,0.1369,1.54,118.4,233,0.363,0.3059,0.1925,93.7,High,1
DRV-0394,44,8,0.1626,9.3,4.82,3.21,0.1231,1.51,100.1,276,0.3305,0.2398,0.1888,18.1,Low,0
DRV-0395,40,7,0.1473,5.2,3.51,3.52,0.1102,1.15,88.2,214,0.2329,0.1868,0.1438,0.1,Low,0
DRV-0396,46,3,0.097,7.18,5.33,4.44,0.1902,2.93,108.7,465,0.3212,0.236,0.3662,96.5,High,1
DRV-0397,24,0,0.0864,1.62,1.91,3.08,0.0355,0.37,88.8,399,0.1258,0.1555,0.0462,0.0,Low,0
DRV-0398,39,5,0.0976,3.79,3.74,3.22,0.1138,1.11,104.1,502,0.2025,0.2191,0.1388,0.0,Low,0
DRV-0399,32,21,0.0,1.2,1.42,0.64,0.0219,0.52,92.0,261,0.0605,0.12,0.065,0.0,Low,0
DRV-0400,42,1,0.0903,4.18,1.53,1.33,0.0434,0.37,87.6,305,0.1357,0.1532,0.0462,0.0,Low,0
DRV-0401,18,1,0.1992,10.23,3.76,3.41,0.1257,1.15,91.4,550,0.3355,0.2273,0.1438,4.4,Low,0
DRV-0402,33,6,0.0835,3.28,5.08,1.67,0.0666,0.97,60.0,551,0.1837,0.0459,0.1212,0.0,Low,0
DRV-0403,44,0,0.2539,7.7,6.29,4.88,0.2033,2.65,129.8,97,0.3564,0.4014,0.3312,99.9,High,1
DRV-0404,46,4,0.0888,2.41,1.24,1.21,0.0992,1.63,97.4,338,0.0931,0.1891,0.2037,0.0,Low,0
DRV-0405,37,0,0.1956,8.34,3.22,3.04,0.1047,2.58,103.1,182,0.2813,0.2692,0.3225,11.2,Low,0
DRV-0406,18,1,0.1789,4.74,4.24,3.19,0.1597,1.55,118.8,511,0.2293,0.3189,0.1938,13.3,Low,0
DRV-0407,45,2,0.0,1.53,3.78,1.01,0.0721,0.87,77.3,1055,0.1138,0.0649,0.1088,0.0,Low,0
DRV-0408,57,2,0.233,4.79,3.35,3.33,0.1865,1.16,101.5,75,0.2182,0.2838,0.145,5.8,Low,0
DRV-0409,27,6,0.1231,4.85,2.75,1.47,0.0766,0.83,82.5,189,0.1722,0.1521,0.1038,0.0,Low,0
DRV-0410,32,0,0.0853,8.96,3.52,5.71,0.1036,1.38,114.9,270,0.3521,0.2528,0.1725,2.8,Low,0
DRV-0411,47,4,0.0216,5.19,3.94,2.69,0.1313,1.0,88.1,361,0.2233,0.1173,0.125,0.2,Low,0
DRV-0412,47,0,0.0749,2.35,1.47,1.2,0.0796,0.78,114.9,722,0.0955,0.2471,0.0975,0.0,Low,0
DRV-0413,51,15,0.0436,2.59,1.76,5.25,0.0963,1.96,87.8,379,0.1861,0.1282,0.245,0.4,Low,0
DRV-0414,50,3,0.0805,3.54,2.15,2.24,0.0753,0.94,103.5,263,0.1514,0.2074,0.1175,0.0,Low,0
DRV-0415,19,1,0.094,2.59,1.47,3.38,0.0539,1.35,85.4,196,0.1439,0.147,0.1688,0.0,Low,0
DRV-0416,32,7,0.0542,3.83,2.96,2.71,0.1639,1.22,116.2,185,0.1801,0.2406,0.1525,0.7,Low,0
DRV-0417,45,0,0.0081,6.87,4.36,2.31,0.0829,0.85,112.7,221,0.2563,0.2021,0.1062,1.9,Low,0
DRV-0418,36,0,0.0711,2.13,1.4,3.99,0.1734,2.9,87.1,281,0.1457,0.1407,0.3625,6.8,Low,0
DRV-0419,42,8,0.0623,6.65,4.76,3.42,0.1001,1.1,104.8,311,0.2807,0.2023,0.1375,2.2,Low,0
DRV-0420,36,6,0.0817,3.92,3.76,2.55,0.0932,0.84,111.9,210,0.1921,0.2396,0.105,0.0,Low,0
DRV-0421,32,2,0.0,2.49,4.72,1.89,0.0794,0.6,96.9,245,0.1663,0.1384,0.075,0.0,Low,0
DRV-0422,35,11,0.0435,3.15,4.19,2.13,0.08,1.59,82.3,179,0.1754,0.1076,0.1988,0.6,Low,0
DRV-0423,24,0,0.0888,2.52,1.86,2.2,0.0479,0.46,91.3,216,0.1254,0.1662,0.0575,0.0,Low,0
DRV-0424,29,18,0.2459,7.44,8.32,5.85,0.1905,3.54,118.9,281,0.4045,0.3561,0.4425,99.9,High,1
DRV-0425,37,9,0.1203,5.87,7.48,4.45,0.188,1.8,120.1,315,0.3311,0.2915,0.225,99.3,High,1
DRV-0426,37,3,0.1144,7.08,6.8,4.52,0.2305,2.04,112.7,517,0.3453,0.2605,0.255,98.6,High,1
DRV-0427,44,5,0.1945,10.11,5.6,4.65,0.1897,2.02,128.7,635,0.3885,0.3646,0.2525,99.9,High,1
DRV-0428,34,8,0.1076,3.52,2.77,2.05,0.0987,1.08,75.4,284,0.1576,0.1169,0.135,0.0,Low,0
DRV-0429,58,1,0.1267,3.52,3.37,2.62,0.1545,1.09,89.9,901,0.179,0.1818,0.1362,0.6,Low,0
DRV-0430,52,9,0.0,1.15,3.06,0.19,0.0174,0.51,72.4,598,0.0778,0.0465,0.0638,0.0,Low,0
DRV-0431,31,25,0.1289,3.96,3.18,3.4,0.196,1.59,103.5,366,0.2002,0.234,0.1988,2.1,Low,0
DRV-0432,40,6,0.1779,4.24,2.77,3.32,0.1494,0.98,81.9,945,0.1974,0.18,0.1225,1.1,Low,0
DRV-0433,52,1,0.0241,0.48,2.5,2.66,0.0343,0.21,72.1,282,0.1045,0.0586,0.0262,0.0,Low,0
DRV-0434,30,4,0.0,2.96,3.09,5.72,0.133,0.92,105.4,377,0.2251,0.1703,0.115,0.5,Low,0
DRV-0435,29,5,0.2506,12.16,6.93,6.99,0.2354,2.63,145.3,266,0.4985,0.4577,0.3288,100.0,High,1
DRV-0436,53,2,0.16,3.89,2.27,1.46,0.0713,1.32,60.0,373,0.1448,0.088,0.165,0.0,Low,0
DRV-0437,46,4,0.0914,7.89,6.45,4.24,0.2083,2.39,111.5,498,0.3501,0.2434,0.2988,98.4,High,1
DRV-0438,50,1,0.0423,5.69,3.74,2.02,0.1089,1.0,104.6,321,0.2165,0.1905,0.125,0.0,Low,0
DRV-0439,41,4,0.1968,8.25,10.08,6.76,0.2159,2.55,132.7,479,0.4682,0.3809,0.3188,100.0,High,1
DRV-0440,34,4,0.0773,2.59,2.15,2.24,0.0805,1.19,101.3,297,0.1324,0.1974,0.1488,0.0,Low,0
DRV-0441,21,2,0.0661,3.41,2.34,1.66,0.0684,1.24,99.2,280,0.1404,0.1834,0.155,0.0,Low,0
DRV-0442,39,13,0.3169,13.37,8.55,7.42,0.2524,2.59,125.3,241,0.5583,0.4192,0.3238,100.0,High,1
DRV-0443,52,3,0.0523,2.37,2.23,1.11,0.0923,0.78,93.4,225,0.1068,0.154,0.0975,0.0,Low,0
DRV-0444,52,1,0.1714,5.41,4.71,3.84,0.0936,0.99,107.3,725,0.2635,0.2716,0.1238,5.6,Low,0
DRV-0445,50,13,0.1612,6.38,11.31,4.03,0.1786,1.86,119.7,187,0.3967,0.3125,0.2325,99.0,High,1
DRV-0446,47,2,0.0,1.23,7.57,0.57,0.0876,0.3,79.8,559,0.1622,0.0742,0.0375,0.2,Low,0
DRV-0447,64,3,0.0,3.23,1.53,1.11,0.0265,1.91,81.4,386,0.1123,0.0803,0.2388,0.0,Low,0
DRV-0448,19,7,0.0,5.03,4.23,4.31,0.137,1.78,88.0,240,0.2573,0.105,0.2225,22.6,Low,0
DRV-0449,40,9,0.0866,10.4,4.94,2.19,0.0651,1.54,103.4,794,0.3341,0.2104,0.1925,6.7,Low,0
DRV-0450,26,4,0.1725,2.41,1.43,2.05,0.0555,1.38,74.0,716,0.113,0.1474,0.1725,0.0,Low,0
DRV-0451,56,3,0.1739,5.17,4.42,6.15,0.1537,1.52,103.7,346,0.3001,0.2595,0.19,68.3,Moderate,1
DRV-0452,31,23,0.2265,11.05,5.55,4.46,0.203,1.95,130.5,360,0.4027,0.389,0.2438,99.5,High,1
DRV-0453,50,4,0.0764,5.24,4.96,3.14,0.11,1.23,106.6,365,0.2503,0.2168,0.1538,2.4,Low,0
DRV-0454,32,4,0.1388,8.47,8.38,5.01,0.1629,2.03,109.3,145,0.4093,0.2612,0.2537,99.5,High,1
DRV-0455,43,3,0.1657,5.15,3.81,3.84,0.0991,1.69,83.8,281,0.2433,0.1804,0.2112,2.3,Low,0
DRV-0456,36,0,0.1956,5.86,2.33,2.75,0.0827,0.94,96.6,629,0.211,0.2448,0.1175,0.6,Low,0
DRV-0457,37,3,0.1589,3.53,3.41,1.83,0.0851,1.13,88.4,159,0.164,0.1939,0.1412,0.0,Low,0
DRV-0458,42,5,0.1546,3.97,3.34,2.87,0.1709,1.49,110.1,284,0.1925,0.2729,0.1862,1.4,Low,0
DRV-0459,49,4,0.1045,4.58,3.79,2.42,0.0887,1.48,97.2,403,0.2032,0.197,0.185,0.2,Low,0
DRV-0460,36,2,0.1676,5.67,4.59,4.85,0.1751,2.06,94.4,1878,0.2869,0.2212,0.2575,83.5,High,1
DRV-0461,48,0,0.0,1.86,1.5,0.6,0.1114,2.29,68.2,493,0.0742,0.0308,0.2862,0.1,Low,0
DRV-0462,50,0,0.0,2.74,3.11,1.76,0.0861,0.99,92.4,667,0.1418,0.1215,0.1238,0.0,Low,0
DRV-0463,32,6,0.0,3.83,1.97,0.97,0.031,0.48,88.2,243,0.1288,0.1058,0.06,0.0,Low,0
DRV-0464,60,2,0.0376,2.49,2.14,1.4,0.0453,0.56,73.9,490,0.1135,0.0728,0.07,0.0,Low,0
DRV-0465,46,2,0.1228,6.28,4.56,3.43,0.1823,3.02,103.0,114,0.2702,0.2288,0.3775,82.4,High,1
DRV-0466,32,15,0.0283,4.72,6.18,3.77,0.1032,1.41,116.1,202,0.2728,0.2259,0.1762,11.3,Low,0
DRV-0467,45,2,0.0907,4.18,2.83,2.48,0.0848,1.05,114.6,624,0.1804,0.2546,0.1312,0.2,Low,0
DRV-0468,50,2,0.0,4.81,0.22,0.67,0.0585,0.12,84.2,183,0.1133,0.0908,0.015,0.0,Low,0
DRV-0469,45,3,0.0,1.03,0.99,1.48,0.0137,0.51,78.2,437,0.0667,0.0683,0.0638,0.0,Low,0
DRV-0470,40,0,0.0595,4.35,2.42,2.34,0.14,1.35,91.2,635,0.1741,0.1497,0.1688,0.0,Low,0
DRV-0471,18,1,0.0595,4.52,2.43,2.5,0.1334,1.03,104.5,206,0.1809,0.1996,0.1288,0.1,Low,0
DRV-0472,26,5,0.09,7.65,3.82,3.24,0.1639,1.54,105.2,269,0.2815,0.219,0.1925,15.1,Low,0
DRV-0473,46,23,0.0986,2.41,1.35,1.66,0.0577,0.44,100.9,182,0.1039,0.2076,0.055,0.1,Low,0
DRV-0474,26,0,0.0,1.87,2.47,0.61,0.0248,0.37,96.0,214,0.0908,0.135,0.0462,0.0,Low,0
DRV-0475,44,16,0.0056,5.78,4.01,2.97,0.1908,2.37,113.4,408,0.2418,0.2033,0.2962,14.6,Low,0
DRV-0476,48,9,0.0793,3.06,5.96,5.17,0.0965,1.6,92.1,447,0.2639,0.164,0.2,6.2,Low,0
DRV-0477,36,12,0.2876,12.89,9.14,7.58,0.294,3.56,139.4,191,0.5617,0.4559,0.445,100.0,High,1
DRV-0478,18,3,0.2473,8.34,9.13,6.27,0.225,2.66,111.3,1118,0.4444,0.3284,0.3325,99.0,High,1
DRV-0479,29,14,0.0719,3.63,4.14,2.76,0.1215,1.32,103.2,1070,0.1968,0.2015,0.165,0.6,Low,0
DRV-0480,46,2,0.0,1.93,2.06,1.43,0.0813,0.75,89.1,341,0.1015,0.1091,0.0938,0.0,Low,0
DRV-0481,53,0,0.1472,6.19,5.22,4.6,0.1482,1.9,97.2,401,0.3028,0.2205,0.2375,92.2,High,1
DRV-0482,18,3,0.0764,4.42,3.36,3.86,0.1714,1.14,131.9,239,0.2216,0.3116,0.1425,6.5,Low,0
DRV-0483,38,5,0.1338,2.95,1.95,1.01,0.1507,1.2,96.0,418,0.1117,0.2086,0.15,0.1,Low,0
DRV-0484,20,0,0.1878,7.9,6.08,4.92,0.1879,2.12,117.3,530,0.3577,0.3182,0.265,99.4,High,1
DRV-0485,39,1,0.0124,1.92,1.35,0.62,0.0303,0.46,108.2,335,0.0733,0.1876,0.0575,0.0,Low,0
DRV-0486,36,9,0.3385,9.43,6.95,5.4,0.2244,2.06,117.5,325,0.4124,0.4018,0.2575,99.9,High,1
DRV-0487,66,13,0.0674,3.01,3.54,4.42,0.1147,1.57,108.0,589,0.2076,0.2171,0.1962,1.0,Low,0
DRV-0488,31,9,0.0678,3.81,1.43,2.32,0.0602,1.12,88.9,240,0.1464,0.1457,0.14,0.0,Low,0
DRV-0489,50,4,0.0938,2.76,1.75,2.47,0.0903,0.71,87.0,210,0.1338,0.1528,0.0888,0.0,Low,0
DRV-0490,50,2,0.1616,9.15,4.81,2.76,0.119,1.3,102.9,264,0.3184,0.2498,0.1625,1.7,Low,0
DRV-0491,35,9,0.1645,6.29,6.79,3.68,0.1775,1.49,130.9,194,0.3126,0.3564,0.1862,92.4,High,1
DRV-0492,39,4,0.1641,5.45,4.49,6.06,0.1637,1.99,125.4,283,0.305,0.3355,0.2488,98.3,High,1
DRV-0493,38,3,0.0873,5.46,2.69,1.91,0.0706,0.88,97.1,492,0.1922,0.1871,0.11,0.0,Low,0
DRV-0494,29,7,0.0252,3.5,2.43,3.05,0.0939,1.11,69.1,256,0.1715,0.048,0.1388,0.0,Low,0
DRV-0495,28,7,0.1139,5.68,4.79,2.34,0.1169,1.75,105.2,169,0.2402,0.2321,0.2188,6.4,Low,0
DRV-0496,33,2,0.1375,0.7,1.27,1.07,0.0511,0.92,68.7,678,0.0566,0.1083,0.115,0.0,Low,0
DRV-0497,24,2,0.1998,4.47,4.85,2.94,0.1457,1.88,115.5,312,0.229,0.318,0.235,11.8,Low,0
DRV-0498,31,0,0.0529,1.4,1.2,2.63,0.0369,1.0,79.3,944,0.1006,0.1015,0.125,0.1,Low,0
DRV-0499,35,4,0.0944,1.95,1.49,1.35,0.0983,1.59,82.5,742,0.0908,0.1363,0.1988,0.0,Low,0
DRV-0500,39,5,0.1567,8.57,7.72,6.89,0.2245,3.03,120.1,191,0.4379,0.3116,0.3787,99.9,High,1
DRV-0501,43,0,0.0523,2.83,3.86,2.5,0.071,1.02,107.8,857,0.1709,0.208,0.1275,0.1,Low,0
DRV-0502,35,1,0.1356,4.83,2.63,5.15,0.0942,2.27,76.8,246,0.2434,0.1376,0.2838,3.3,Low,0
DRV-0503,28,2,0.1285,1.49,4.11,2.63,0.1315,0.52,97.8,913,0.1509,0.2124,0.065,0.6,Low,0
DRV-0504,43,0,0.0,1.68,1.3,1.01,0.0772,0.8,94.1,452,0.0755,0.1279,0.1,0.0,Low,0
DRV-0505,47,2,0.055,10.19,2.77,2.5,0.0807,1.22,98.3,478,0.3,0.1739,0.1525,1.0,Low,0
DRV-0506,32,5,0.2027,5.47,2.37,3.0,0.0927,1.9,91.0,419,0.2089,0.2277,0.2375,2.1,Low,0
DRV-0507,26,6,0.0513,2.18,1.5,1.89,0.0687,2.01,96.3,540,0.1064,0.1643,0.2512,0.1,Low,0
DRV-0508,32,16,0.2423,4.78,3.86,5.46,0.1658,1.45,105.1,244,0.2691,0.3024,0.1812,16.2,Low,0
DRV-0509,35,4,0.1733,6.87,6.45,4.3,0.2369,2.62,111.4,189,0.3309,0.2881,0.3275,99.7,High,1
DRV-0510,51,21,0.0415,1.08,2.14,1.84,0.0335,1.85,86.9,323,0.0941,0.1237,0.2312,0.0,Low,0
DRV-0511,46,7,0.0356,1.94,2.24,1.47,0.0597,1.1,113.0,547,0.1055,0.2183,0.1375,0.0,Low,0
DRV-0512,37,2,0.1631,4.57,4.09,3.87,0.113,1.21,86.2,153,0.237,0.188,0.1512,0.9,Low,0
DRV-0513,60,3,0.1832,5.18,3.62,2.88,0.1393,2.3,109.3,663,0.2215,0.2856,0.2875,14.4,Low,0
DRV-0514,37,2,0.0512,4.29,4.96,2.89,0.1206,1.4,104.2,354,0.2263,0.1939,0.175,0.8,Low,0
DRV-0515,54,10,0.1006,4.78,3.67,4.22,0.1259,1.34,105.2,253,0.2412,0.2248,0.1675,0.6,Low,0
DRV-0516,52,18,0.2113,10.94,4.51,6.81,0.1374,1.83,97.4,225,0.4302,0.2565,0.2288,95.8,High,1
DRV-0517,51,1,0.0813,4.88,5.46,2.39,0.1007,1.27,79.3,1560,0.2364,0.1171,0.1588,0.1,Low,0
DRV-0518,41,2,0.0,5.09,0.75,0.14,0.0167,0.09,84.8,549,0.1171,0.093,0.0112,0.0,Low,0
DRV-0519,39,3,0.0779,2.52,4.13,0.69,0.0348,0.57,68.7,521,0.133,0.0755,0.0712,0.3,Low,0
DRV-0520,38,1,0.1683,4.69,8.14,2.51,0.0986,1.1,115.5,354,0.2797,0.3007,0.1375,6.9,Low,0
DRV-0521,48,13,0.0646,3.47,6.17,4.2,0.1086,2.78,88.7,275,0.2562,0.1432,0.3475,8.7,Low,0
DRV-0522,28,0,0.0775,2.26,3.0,2.97,0.0728,1.41,101.4,406,0.1546,0.1979,0.1762,0.0,Low,0
DRV-0523,34,0,0.0581,5.49,3.84,3.18,0.1186,1.85,102.9,370,0.2374,0.1928,0.2312,1.7,Low,0
DRV-0524,58,2,0.0,5.37,7.19,3.36,0.0762,0.5,81.5,439,0.2944,0.0806,0.0625,3.3,Low,0
DRV-0525,45,21,0.0427,1.51,2.0,2.11,0.0504,1.82,77.1,672,0.1057,0.0876,0.2275,0.0,Low,0
DRV-0526,49,2,0.1222,4.39,3.87,5.7,0.1355,1.95,112.7,945,0.2663,0.2648,0.2438,17.1,Low,0
DRV-0527,23,0,0.0231,4.97,3.83,2.2,0.1173,1.02,107.1,339,0.2072,0.1893,0.1275,0.4,Low,0
DRV-0528,32,1,0.1133,5.51,4.91,4.59,0.1839,1.69,111.9,172,0.2838,0.2569,0.2112,95.1,High,1
DRV-0529,42,9,0.0,1.59,1.41,1.62,0.0643,0.43,95.5,1058,0.0877,0.1331,0.0538,0.0,Low,0
DRV-0530,37,2,0.1337,6.59,4.82,2.94,0.1044,1.34,104.5,622,0.2709,0.2404,0.1675,1.9,Low,0
DRV-0531,23,0,0.0,3.39,2.79,2.19,0.1425,1.03,84.5,606,0.1581,0.0919,0.1288,0.0,Low,0
DRV-0532,47,0,0.0277,5.71,3.81,2.83,0.0845,0.93,104.7,964,0.2343,0.1829,0.1162,0.6,Low,0
DRV-0533,50,2,0.0,2.71,1.82,0.92,0.1011,0.53,83.1,500,0.1029,0.0866,0.0662,0.0,Low,0
DRV-0534,34,6,0.0966,6.78,3.29,3.06,0.078,4.26,65.0,191,0.2516,0.0719,0.5325,7.6,Low,0
DRV-0535,47,3,0.0,3.94,3.37,5.31,0.0699,1.23,90.3,127,0.2412,0.1136,0.1538,0.0,Low,0
DRV-0536,62,6,0.0378,1.4,1.37,2.13,0.0507,0.49,67.9,208,0.0934,0.0504,0.0612,0.0,Low,0
DRV-0537,56,7,0.1802,8.57,4.47,1.91,0.1138,2.11,83.9,429,0.2841,0.1887,0.2638,8.0,Low,0
DRV-0538,35,7,0.1328,1.28,2.78,1.24,0.103,0.53,84.4,236,0.0967,0.1645,0.0662,0.0,Low,0
DRV-0539,24,1,0.0476,6.18,4.79,3.95,0.1566,1.56,114.7,221,0.2824,0.2313,0.195,90.2,High,1
DRV-0540,40,3,0.0635,3.51,4.59,2.14,0.0441,0.61,80.4,293,0.1895,0.1114,0.0762,0.0,Low,0
DRV-0541,66,1,0.0286,3.68,5.65,4.48,0.0849,1.19,106.4,770,0.2574,0.1897,0.1488,1.1,Low,0
DRV-0542,54,3,0.0,2.46,6.49,4.57,0.1171,0.62,92.3,272,0.2488,0.1211,0.0775,0.6,Low,0
DRV-0543,37,5,0.0046,2.03,1.27,1.34,0.0474,1.07,77.5,268,0.0886,0.0682,0.1338,0.0,Low,0
DRV-0544,56,0,0.244,6.07,4.91,4.45,0.1512,3.49,119.4,271,0.2922,0.357,0.4362,98.4,High,1
DRV-0545,52,2,0.0667,1.17,2.79,1.44,0.028,0.35,101.5,514,0.0987,0.1923,0.0438,0.0,Low,0
DRV-0546,18,2,0.038,3.56,4.42,2.29,0.0964,0.89,72.7,410,0.1907,0.0685,0.1112,0.2,Low,0
DRV-0547,50,6,0.0946,7.1,1.81,1.57,0.0505,3.27,107.6,428,0.2036,0.2305,0.4088,3.9,Low,0
DRV-0548,39,10,0.0375,7.53,5.58,4.42,0.1802,3.23,111.9,1044,0.332,0.2153,0.4038,93.8,High,1
DRV-0549,27,0,0.048,3.5,2.81,2.16,0.084,1.49,92.0,1902,0.16,0.1464,0.1862,0.0,Low,0
DRV-0550,39,0,0.156,10.51,6.38,5.65,0.1911,2.14,122.1,483,0.4295,0.3187,0.2675,99.9,High,1
DRV-0551,42,25,0.1151,3.93,4.73,5.01,0.1419,1.78,94.6,455,0.2576,0.1931,0.2225,12.0,Low,0
DRV-0552,28,24,0.0749,7.63,4.54,5.11,0.1387,1.53,87.4,162,0.3305,0.1439,0.1912,53.7,Moderate,0
DRV-0553,36,0,0.0189,2.4,1.09,1.21,0.1108,0.41,96.4,472,0.0904,0.1469,0.0512,0.0,Low,0
DRV-0554,34,17,0.1783,6.6,8.08,4.57,0.2396,2.96,125.1,461,0.3581,0.3422,0.37,100.0,High,1
DRV-0555,47,4,0.0383,3.31,1.94,1.2,0.0568,0.76,65.4,449,0.1225,0.0413,0.095,0.0,Low,0
DRV-0556,34,0,0.151,5.32,5.46,3.55,0.1047,1.85,115.2,299,0.2684,0.2901,0.2312,34.4,Low,0
DRV-0557,18,6,0.2392,9.04,7.1,5.94,0.2307,2.65,139.0,575,0.4179,0.4278,0.3312,99.9,High,1
DRV-0558,32,11,0.1793,7.94,5.75,4.7,0.2162,2.9,107.1,662,0.3486,0.2752,0.3625,98.8,High,1
DRV-0559,26,13,0.1482,5.23,5.42,3.35,0.1269,1.65,110.5,616,0.2619,0.2709,0.2062,31.2,Low,0
DRV-0560,22,0,0.1387,3.86,2.78,3.36,0.1549,1.03,107.8,925,0.1907,0.2555,0.1288,1.5,Low,0
DRV-0561,52,2,0.0375,6.42,2.82,1.84,0.0645,1.53,76.9,844,0.2122,0.084,0.1912,0.2,Low,0
DRV-0562,47,3,0.0,0.71,0.07,0.33,0.0532,0.93,83.9,407,0.022,0.0896,0.1162,0.0,Low,0
DRV-0563,26,2,0.1615,5.55,2.93,2.95,0.1588,1.09,92.9,305,0.2188,0.2122,0.1362,0.5,Low,0
DRV-0564,22,2,0.0216,6.3,4.56,4.02,0.1136,1.26,106.6,509,0.2824,0.1866,0.1575,2.3,Low,0
DRV-0565,36,4,0.2594,8.68,4.86,4.04,0.1421,3.87,103.3,228,0.3354,0.305,0.4838,97.8,High,1
DRV-0566,22,0,0.0,2.49,2.87,0.9,0.034,0.98,99.9,174,0.1156,0.1496,0.1225,0.0,Low,0
DRV-0567,35,0,0.1118,5.77,5.73,3.19,0.1297,2.7,107.4,765,0.2747,0.2392,0.3375,39.0,Low,0
DRV-0568,38,0,0.0351,3.95,4.58,2.65,0.115,3.41,93.7,590,0.2083,0.1457,0.4262,2.0,Low,0
DRV-0569,41,0,0.2046,2.79,3.56,5.33,0.0805,1.21,88.1,415,0.2217,0.2179,0.1512,0.4,Low,0
DRV-0570,42,1,0.0428,4.52,2.33,4.54,0.1261,0.99,107.2,489,0.22,0.2005,0.1238,0.5,Low,0
DRV-0571,28,2,0.0398,4.11,2.91,2.64,0.1329,1.95,87.3,466,0.1835,0.1243,0.2438,0.2,Low,0
DRV-0572,38,1,0.0322,2.51,3.01,2.52,0.0815,0.86,105.2,81,0.1508,0.1872,0.1075,0.2,Low,0
DRV-0573,53,0,0.1344,4.51,6.24,3.57,0.1554,1.39,112.0,185,0.2656,0.2689,0.1737,8.8,Low,0
DRV-0574,18,2,0.1261,5.15,5.96,5.04,0.1293,1.89,96.7,786,0.3031,0.207,0.2362,75.6,High,1
DRV-0575,41,0,0.0209,1.91,2.75,0.78,0.0828,1.64,86.9,284,0.0996,0.1124,0.205,0.0,Low,0
DRV-0576,23,1,0.0,3.54,3.76,4.09,0.1185,0.75,97.4,509,0.2153,0.1403,0.0938,0.1,Low,0
DRV-0577,54,5,0.0121,1.7,0.52,0.55,0.0984,1.08,65.0,142,0.0537,0.0254,0.135,0.0,Low,0
DRV-0578,47,7,0.1349,5.01,4.34,4.87,0.1272,1.36,110.7,182,0.2699,0.2643,0.17,6.4,Low,0
DRV-0579,47,1,0.1828,6.86,4.2,3.99,0.1306,2.25,114.0,262,0.287,0.303,0.2812,67.0,Moderate,0
DRV-0580,27,9,0.2713,7.52,6.34,4.88,0.221,2.16,137.6,830,0.3537,0.4402,0.27,99.9,High,1
DRV-0581,41,5,0.2644,10.3,8.67,6.97,0.2487,3.79,156.0,517,0.4899,0.5054,0.4738,99.9,High,1
DRV-0582,42,8,0.191,6.29,4.37,4.15,0.1533,1.56,141.1,190,0.2816,0.4092,0.195,87.0,High,1
DRV-0583,18,8,0.0807,6.54,6.41,4.14,0.1413,1.81,113.6,376,0.3204,0.2454,0.2262,96.7,High,1
DRV-0584,39,6,0.1793,7.07,4.29,5.79,0.1725,1.64,117.1,175,0.3287,0.3127,0.205,88.4,High,0
DRV-0585,45,17,0.0253,2.16,2.07,2.53,0.0777,1.6,86.4,374,0.1283,0.1129,0.2,0.0,Low,0
DRV-0586,21,3,0.0,2.51,1.11,0.81,0.0446,0.64,108.2,758,0.0849,0.1808,0.08,0.0,Low,0
DRV-0587,45,8,0.1853,7.99,7.04,7.37,0.209,2.45,114.2,426,0.4245,0.3052,0.3062,99.9,High,1
DRV-0588,39,4,0.1151,4.81,2.16,1.37,0.111,0.63,109.2,905,0.1596,0.2478,0.0788,0.0,Low,0
DRV-0589,54,9,0.0629,2.57,2.15,1.35,0.1057,1.56,112.4,543,0.1142,0.2311,0.195,0.0,Low,0
DRV-0590,33,3,0.1867,4.96,4.41,2.37,0.1091,0.98,92.7,456,0.2201,0.2253,0.1225,0.7,Low,0
DRV-0591,40,3,0.0,3.72,0.94,0.67,0.0697,1.07,95.0,382,0.1035,0.1312,0.1338,0.0,Low,0
DRV-0592,42,2,0.071,3.71,2.91,0.19,0.0121,0.4,87.3,215,0.1265,0.1414,0.05,0.0,Low,0
DRV-0593,18,15,0.0,1.59,4.66,1.13,0.0385,0.32,79.2,158,0.1321,0.072,0.04,0.0,Low,0
DRV-0594,33,4,0.0605,1.74,1.75,1.08,0.0858,1.2,89.1,136,0.0856,0.1424,0.15,0.0,Low,0
DRV-0595,39,4,0.0734,3.24,3.13,1.78,0.059,0.91,97.0,717,0.1526,0.1791,0.1138,0.0,Low,0
DRV-0596,18,0,0.1797,5.98,6.58,3.75,0.1781,1.81,116.3,1264,0.3043,0.31,0.2262,96.4,High,1
DRV-0597,46,1,0.2497,11.67,7.48,5.89,0.2251,2.45,151.6,138,0.4759,0.4808,0.3062,100.0,High,1
DRV-0598,39,0,0.0452,4.45,4.4,4.08,0.0811,1.24,107.3,223,0.2439,0.2022,0.155,0.9,Low,0
DRV-0599,38,5,0.2414,7.45,5.91,4.34,0.1795,2.96,113.9,90,0.3343,0.3349,0.37,99.6,High,1
DRV-0600,46,10,0.326,10.41,7.18,6.13,0.2573,2.36,139.7,192,0.4505,0.4782,0.295,99.9,High,1
DRV-0601,33,5,0.1378,8.39,5.08,4.01,0.1601,1.9,98.5,461,0.3327,0.2202,0.2375,92.0,High,1
DRV-0602,38,1,0.0442,7.5,4.68,5.28,0.1394,2.02,110.6,422,0.3336,0.2141,0.2525,88.6,High,1
DRV-0603,48,3,0.0666,1.29,2.03,0.99,0.064,0.79,84.9,94,0.0794,0.13,0.0988,0.0,Low,0
DRV-0604,38,0,0.002,1.05,0.72,1.23,0.0578,0.62,92.9,1107,0.0576,0.1245,0.0775,0.0,Low,0
DRV-0605,18,2,0.1222,5.15,4.09,4.4,0.1938,1.72,131.0,224,0.2592,0.3335,0.215,44.8,Moderate,0
DRV-0606,38,4,0.1853,5.87,5.06,5.27,0.1544,2.01,117.3,237,0.3071,0.3168,0.2512,99.6,High,1
DRV-0607,38,5,0.129,10.62,6.59,5.22,0.1413,2.03,111.4,391,0.4266,0.2637,0.2537,96.6,High,1
DRV-0608,48,5,0.1194,8.45,3.94,3.75,0.1597,2.27,102.6,345,0.3097,0.2254,0.2838,47.2,Moderate,0
DRV-0609,33,8,0.2369,8.92,6.95,7.83,0.2107,3.87,145.5,445,0.4508,0.4509,0.4838,99.8,High,1
DRV-0610,26,4,0.1138,0.99,4.06,2.34,0.1306,0.63,83.5,255,0.1343,0.1507,0.0788,0.3,Low,0
DRV-0611,26,23,0.0587,5.79,2.8,4.18,0.073,0.6,87.0,556,0.2461,0.1335,0.075,0.6,Low,0
DRV-0612,55,7,0.0717,5.15,4.86,4.36,0.1275,1.56,124.7,550,0.2712,0.2821,0.195,76.0,High,1
DRV-0613,41,6,0.0738,5.51,4.86,4.57,0.1431,2.55,127.3,142,0.2826,0.293,0.3188,95.5,High,1
DRV-0614,54,8,0.0123,0.95,0.59,0.53,0.0258,0.69,69.4,271,0.0394,0.042,0.0862,0.0,Low,0
DRV-0615,56,15,0.1141,6.38,5.44,4.5,0.1947,2.29,103.6,626,0.3083,0.2263,0.2862,95.9,High,1
DRV-0616,29,3,0.0,3.7,4.16,1.75,0.1161,0.78,96.0,260,0.1783,0.135,0.0975,0.2,Low,0
DRV-0617,28,0,0.1957,7.35,7.72,4.2,0.1933,2.77,102.3,360,0.3597,0.2663,0.3462,97.1,High,1
DRV-0618,36,4,0.1461,4.67,4.13,3.16,0.1159,2.1,88.7,223,0.2254,0.188,0.2625,1.4,Low,0
DRV-0619,45,16,0.1346,6.67,7.35,3.79,0.1539,2.71,103.3,309,0.3317,0.2364,0.3388,97.1,High,1
DRV-0620,21,15,0.0602,3.89,2.01,1.07,0.0465,0.51,102.3,208,0.1327,0.1917,0.0638,0.0,Low,0
DRV-0621,43,7,0.1118,6.24,3.0,2.97,0.1352,1.94,110.8,131,0.2342,0.252,0.2425,7.6,Low,0
DRV-0622,42,3,0.1742,4.73,6.16,4.1,0.1476,1.95,141.0,412,0.2793,0.3996,0.2438,65.8,Moderate,1
DRV-0623,24,6,0.0829,3.71,1.45,6.16,0.0646,0.74,83.0,622,0.2216,0.1318,0.0925,0.3,Low,0
DRV-0624,24,1,0.0,3.98,4.04,3.59,0.0949,1.28,116.9,325,0.2187,0.2134,0.16,0.4,Low,0
DRV-0625,43,3,0.1131,8.09,4.64,2.96,0.2106,1.33,115.1,552,0.2983,0.2688,0.1662,8.3,Low,0
DRV-0626,62,5,0.0658,2.18,1.37,1.45,0.0889,1.1,81.3,257,0.0954,0.1161,0.1375,0.0,Low,0
DRV-0627,34,8,0.0281,2.18,2.24,1.26,0.0692,1.93,90.3,272,0.1061,0.1291,0.2412,0.0,Low,0
DRV-0628,41,5,0.146,5.99,8.98,3.6,0.1957,2.97,106.1,694,0.3415,0.2532,0.3713,95.1,High,1
DRV-0629,30,3,0.1521,9.48,4.3,2.85,0.1144,1.17,107.6,531,0.3183,0.2622,0.1462,1.8,Low,0
DRV-0630,40,0,0.0147,1.99,2.65,1.32,0.057,0.64,94.1,231,0.1104,0.136,0.08,0.0,Low,0
DRV-0631,30,4,0.1731,6.0,2.66,3.63,0.0808,1.11,94.5,592,0.2369,0.2246,0.1388,0.2,Low,0
DRV-0632,34,0,0.0933,1.36,2.27,1.19,0.055,0.62,96.0,213,0.0888,0.1863,0.0775,0.0,Low,0
DRV-0633,67,0,0.1123,4.83,4.39,3.26,0.2592,1.25,122.6,274,0.235,0.2965,0.1562,7.4,Low,0
DRV-0634,39,1,0.0325,2.81,1.44,1.86,0.049,2.13,108.1,528,0.1174,0.1982,0.2662,0.7,Low,0
DRV-0635,19,2,0.001,9.05,5.51,4.21,0.155,1.81,105.2,615,0.357,0.17,0.2262,83.0,High,1
DRV-0636,45,16,0.2101,8.49,10.31,5.65,0.2291,2.52,131.9,570,0.4546,0.3852,0.315,99.8,High,1
DRV-0637,51,10,0.013,4.2,3.62,3.12,0.109,1.08,110.0,728,0.2067,0.1946,0.135,0.0,Low,0
DRV-0638,46,3,0.1295,4.0,5.27,2.97,0.1074,1.28,93.5,263,0.2272,0.1969,0.16,0.5,Low,0
DRV-0639,35,9,0.1615,5.69,4.64,3.54,0.1563,2.47,99.1,77,0.2619,0.2354,0.3088,83.2,High,1
DRV-0640,26,1,0.1696,9.3,5.65,3.35,0.1191,1.64,108.9,282,0.3472,0.2767,0.205,24.0,Low,0
DRV-0641,27,2,0.1573,4.18,3.18,2.04,0.0768,2.01,91.8,337,0.1774,0.2058,0.2512,0.5,Low,0
DRV-0642,35,1,0.1414,9.9,6.63,3.54,0.1292,1.64,110.6,505,0.3793,0.2675,0.205,86.1,High,1
DRV-0643,33,0,0.3149,8.75,5.6,4.11,0.2102,1.82,115.1,240,0.3505,0.3798,0.2275,98.6,High,1
DRV-0644,31,5,0.0498,4.74,1.8,4.33,0.0537,0.5,114.1,166,0.2114,0.2303,0.0625,0.6,Low,0
DRV-0645,52,0,0.0176,3.72,5.11,2.44,0.0864,1.43,96.4,195,0.2084,0.1462,0.1788,0.6,Low,0
DRV-0646,49,0,0.1024,13.31,5.36,4.14,0.1921,1.68,118.1,214,0.4383,0.2742,0.21,98.7,High,1
DRV-0647,53,6,0.1063,5.34,4.29,3.34,0.1365,2.0,115.6,121,0.2451,0.267,0.25,41.6,Moderate,0
DRV-0648,28,0,0.1885,6.94,4.53,6.0,0.1393,1.65,94.7,216,0.3343,0.2338,0.2062,94.7,High,1
DRV-0649,26,8,0.0,3.84,1.08,0.84,0.0807,0.45,104.9,372,0.1116,0.1684,0.0562,0.0,Low,0
DRV-0650,38,5,0.1978,9.35,11.25,7.18,0.2958,2.38,136.8,388,0.5181,0.3968,0.2975,99.8,High,1
DRV-0651,42,16,0.0934,3.7,3.7,2.42,0.1162,1.25,105.4,459,0.1841,0.2216,0.1562,0.2,Low,0
DRV-0652,38,2,0.1478,7.21,5.72,6.0,0.2026,2.08,132.6,359,0.3595,0.3535,0.26,99.4,High,1
DRV-0653,42,4,0.0825,5.78,1.84,2.22,0.078,0.41,87.1,245,0.1907,0.147,0.0512,0.0,Low,0
DRV-0654,57,0,0.2064,10.31,10.66,4.56,0.1854,2.41,129.0,153,0.4751,0.3723,0.3012,99.8,High,1
DRV-0655,35,2,0.1242,3.68,1.96,2.41,0.0858,0.93,69.9,377,0.1545,0.1054,0.1162,0.0,Low,0
DRV-0656,47,2,0.0179,2.27,2.08,0.99,0.0434,0.46,98.4,362,0.0999,0.1538,0.0575,0.0,Low,0
DRV-0657,44,4,0.094,2.07,0.87,1.41,0.1402,0.87,87.2,2859,0.0841,0.1537,0.1088,0.5,Low,0
DRV-0658,39,13,0.0,2.34,1.91,3.16,0.0509,0.91,94.7,256,0.1418,0.1301,0.1138,0.0,Low,0
DRV-0659,47,1,0.0,1.37,0.87,4.87,0.0313,0.74,76.5,492,0.1393,0.0619,0.0925,0.1,Low,0
DRV-0660,28,0,0.0201,5.8,3.03,2.2,0.1256,1.6,98.6,137,0.2105,0.1558,0.2,1.0,Low,0
DRV-0661,26,0,0.1023,3.94,3.73,3.45,0.1072,2.21,100.3,309,0.21,0.2074,0.2762,1.1,Low,0
DRV-0662,43,5,0.0989,2.4,1.11,0.92,0.1178,0.34,72.4,1302,0.0849,0.1009,0.0425,0.0,Low,0
DRV-0663,18,15,0.0642,8.86,4.03,2.66,0.0931,2.46,107.2,479,0.2976,0.2123,0.3075,11.5,Low,0
DRV-0664,44,9,0.07,5.01,2.83,2.72,0.1027,1.03,121.4,178,0.2018,0.2688,0.1288,0.8,Low,0
DRV-0665,24,4,0.083,5.13,3.26,2.99,0.0913,1.5,84.9,232,0.2167,0.139,0.1875,0.3,Low,0
DRV-0666,56,0,0.1363,5.03,3.09,5.33,0.1475,1.09,109.2,394,0.2587,0.2595,0.1362,3.2,Low,0
DRV-0667,33,0,0.0096,5.56,1.45,1.03,0.0427,0.7,83.7,253,0.156,0.0942,0.0875,0.0,Low,0
DRV-0668,55,8,0.1046,6.26,3.91,4.27,0.1839,2.24,104.8,153,0.2758,0.2255,0.28,57.6,Moderate,1
DRV-0669,35,1,0.0,2.64,2.49,1.58,0.1062,1.94,96.4,564,0.1259,0.1365,0.2425,0.0,Low,0
DRV-0670,34,0,0.1306,6.91,6.18,4.58,0.1648,1.81,118.8,101,0.3328,0.2923,0.2262,99.1,High,1
DRV-0671,48,1,0.1294,2.49,2.25,1.49,0.0653,1.68,95.7,355,0.1171,0.205,0.21,0.0,Low,0
DRV-0672,41,17,0.0325,2.15,0.95,1.45,0.0589,1.03,72.6,637,0.0878,0.0651,0.1288,0.0,Low,0
DRV-0673,37,2,0.0986,5.27,5.91,4.41,0.1696,1.46,125.8,527,0.2921,0.301,0.1825,88.4,High,1
DRV-0674,33,5,0.2289,6.83,5.68,4.13,0.1936,2.23,116.4,422,0.3139,0.3374,0.2788,99.8,High,1
DRV-0675,33,11,0.033,3.01,3.37,2.02,0.1067,1.56,102.7,1140,0.1568,0.1783,0.195,0.0,Low,0
DRV-0676,66,6,0.1324,3.66,1.42,1.77,0.0531,0.6,105.4,341,0.1323,0.2431,0.075,0.3,Low,0
DRV-0677,18,1,0.1541,3.46,3.16,2.06,0.1307,1.17,72.9,574,0.1631,0.1331,0.1462,0.3,Low,0
DRV-0678,23,2,0.0443,1.8,1.8,2.61,0.0543,2.17,96.9,243,0.1182,0.1627,0.2712,0.0,Low,0
DRV-0679,52,2,0.1289,8.32,7.64,6.18,0.2385,2.3,128.0,1065,0.4173,0.3259,0.2875,99.6,High,1
DRV-0680,51,8,0.3149,7.68,8.43,4.81,0.1784,2.31,132.8,460,0.3903,0.4462,0.2888,99.9,High,1
DRV-0681,26,19,0.1715,5.57,5.59,4.24,0.1771,1.63,104.3,1016,0.2894,0.2604,0.2037,88.3,High,1
DRV-0682,18,4,0.1261,5.15,4.66,3.83,0.2104,1.87,124.5,669,0.2573,0.3112,0.2338,88.4,High,1
DRV-0683,53,13,0.1337,5.52,2.32,1.9,0.1088,1.08,84.8,384,0.1871,0.1665,0.135,0.0,Low,0
DRV-0684,25,0,0.051,0.81,1.0,0.44,0.1023,0.55,86.9,503,0.0417,0.1289,0.0688,0.0,Low,0
DRV-0685,32,0,0.1014,2.12,0.76,1.17,0.0248,1.44,88.6,295,0.0785,0.163,0.18,0.0,Low,0
DRV-0686,39,5,0.0693,4.46,3.99,2.58,0.1192,1.68,103.1,322,0.2073,0.1997,0.21,0.4,Low,0
DRV-0687,25,0,0.0473,1.42,1.06,3.01,0.0372,1.14,74.1,517,0.1063,0.0789,0.1425,0.0,Low,0
DRV-0688,49,2,0.0211,6.32,2.88,3.52,0.1377,1.6,96.7,342,0.2448,0.1492,0.2,8.9,Low,0
DRV-0689,38,0,0.0707,7.86,1.09,1.95,0.0644,0.78,98.1,205,0.2144,0.1818,0.0975,0.3,Low,0
DRV-0690,27,12,0.0908,3.56,4.65,3.36,0.098,1.22,118.9,516,0.2159,0.2708,0.1525,1.7,Low,0
DRV-0691,28,25,0.0789,3.93,3.64,1.51,0.0809,1.31,117.6,609,0.1695,0.2594,0.1638,0.0,Low,0
DRV-0692,53,4,0.033,2.5,2.07,1.55,0.1381,1.07,95.9,832,0.1155,0.1528,0.1338,0.5,Low,0
DRV-0693,34,1,0.0765,6.96,3.55,4.34,0.0918,1.39,104.0,635,0.2852,0.2071,0.1737,0.8,Low,0
DRV-0694,45,1,0.1406,7.96,10.0,5.35,0.1991,2.96,129.4,139,0.4329,0.3376,0.37,99.9,High,1
DRV-0695,37,0,0.2373,6.75,7.74,5.47,0.1665,3.64,146.6,297,0.3734,0.4553,0.455,100.0,High,1
DRV-0696,18,1,0.1134,4.58,3.47,8.29,0.0786,2.07,91.7,214,0.3152,0.1812,0.2588,9.7,Low,0
DRV-0697,46,2,0.0363,8.69,3.17,1.67,0.0895,2.06,97.0,1066,0.26,0.1587,0.2575,2.9,Low,0
DRV-0698,50,1,0.1337,5.07,2.87,2.52,0.105,1.13,99.7,263,0.1996,0.2224,0.1412,0.3,Low,0
DRV-0699,60,0,0.176,5.41,5.93,3.69,0.1422,2.57,112.4,993,0.2808,0.2933,0.3212,87.3,High,1
DRV-0700,18,14,0.0379,4.91,1.76,1.58,0.0581,0.83,93.2,181,0.1591,0.1453,0.1038,0.2,Low,0
DRV-0701,18,10,0.0917,7.09,5.33,7.91,0.1966,1.99,112.9,407,0.3888,0.2488,0.2488,98.3,High,1
DRV-0702,45,8,0.0,1.67,1.64,1.26,0.0305,0.44,80.5,262,0.0859,0.0769,0.055,0.0,Low,0
DRV-0703,30,3,0.0488,5.06,4.68,5.18,0.1049,2.45,101.1,351,0.2828,0.181,0.3062,20.0,Low,0
DRV-0704,20,3,0.0,9.16,3.82,2.8,0.1432,1.5,102.4,225,0.3029,0.159,0.1875,6.4,Low,0
DRV-0705,39,2,0.1273,4.0,1.38,2.22,0.0635,2.28,96.9,782,0.1474,0.2084,0.285,0.4,Low,0
DRV-0706,32,2,0.1146,5.58,2.8,3.99,0.1155,1.38,109.2,249,0.2381,0.2475,0.1725,0.4,Low,0
DRV-0707,22,3,0.0544,2.15,1.67,1.55,0.1133,0.95,96.0,117,0.1018,0.1649,0.1188,0.0,Low,0
DRV-0708,37,2,0.0,7.13,6.34,3.26,0.1282,2.14,115.6,149,0.3135,0.2085,0.2675,36.2,Low,0
DRV-0709,44,7,0.0,3.64,3.03,2.75,0.0415,1.66,91.9,281,0.1783,0.1196,0.2075,0.0,Low,0
DRV-0710,40,2,0.012,1.72,3.85,0.83,0.0702,0.16,60.0,175,0.1152,0.0066,0.02,0.0,Low,0
DRV-0711,40,18,0.2688,6.4,6.1,4.1,0.1412,1.66,103.9,485,0.3117,0.3125,0.2075,93.9,High,1
DRV-0712,43,1,0.0,1.16,2.25,1.7,0.0726,0.79,95.8,314,0.0947,0.1342,0.0988,0.0,Low,0
DRV-0713,18,0,0.0978,1.72,1.91,1.6,0.0504,0.64,80.4,761,0.0982,0.1303,0.08,0.0,Low,0
DRV-0714,37,3,0.0683,5.05,3.32,3.25,0.1116,1.03,112.5,209,0.2213,0.2344,0.1288,0.6,Low,0
DRV-0715,40,6,0.1009,7.41,3.72,2.46,0.1078,1.2,113.3,700,0.2594,0.2554,0.15,1.1,Low,0
DRV-0716,33,4,0.1278,3.79,3.17,3.99,0.1153,0.64,89.4,195,0.2084,0.1805,0.08,0.0,Low,0
DRV-0717,28,6,0.0652,4.39,2.74,4.34,0.0903,1.15,92.6,100,0.2203,0.1581,0.1438,0.0,Low,0
DRV-0718,29,4,0.0241,2.62,3.09,2.03,0.0921,1.06,95.1,241,0.1445,0.1449,0.1325,0.2,Low,0
DRV-0719,34,2,0.1102,2.72,1.21,0.71,0.1228,2.34,85.2,192,0.0888,0.1551,0.2925,0.1,Low,0
DRV-0720,48,3,0.089,2.97,4.62,2.45,0.1393,1.67,107.2,211,0.1854,0.226,0.2088,3.5,Low,0
DRV-0721,56,1,0.1277,5.66,2.38,1.74,0.0827,1.76,66.1,506,0.1877,0.0931,0.22,0.6,Low,0
DRV-0722,53,14,0.0,1.3,0.7,0.19,0.0335,0.37,71.5,295,0.0415,0.0431,0.0462,0.0,Low,0
DRV-0723,19,6,0.2382,6.09,5.76,4.34,0.2392,2.62,103.0,269,0.3046,0.2923,0.3275,98.7,High,1
DRV-0724,26,3,0.1415,6.83,4.68,3.35,0.1114,2.01,78.4,677,0.2816,0.1468,0.2512,17.1,Low,0
DRV-0725,45,5,0.154,5.13,4.88,3.85,0.1512,1.95,103.3,126,0.2609,0.2471,0.2438,64.7,Moderate,0
DRV-0726,53,7,0.0546,4.21,1.48,1.6,0.084,0.55,72.7,625,0.1409,0.0777,0.0688,0.0,Low,0
DRV-0727,26,4,0.2631,11.04,9.38,10.5,0.2625,2.97,142.4,152,0.5871,0.4537,0.3713,100.0,High,1
DRV-0728,40,2,0.2066,11.41,6.0,4.79,0.2219,3.22,121.4,209,0.424,0.3439,0.4025,99.9,High,1
DRV-0729,24,2,0.1485,7.12,5.33,5.62,0.2243,2.18,125.5,127,0.3436,0.3273,0.2725,99.7,High,1
DRV-0730,41,5,0.1414,3.44,2.82,2.43,0.0787,0.89,96.2,585,0.1644,0.2135,0.1112,0.1,Low,0
DRV-0731,30,2,0.1125,5.76,3.94,2.93,0.1108,1.76,88.2,179,0.2395,0.1676,0.22,1.3,Low,0
DRV-0732,40,2,0.0785,7.26,4.89,5.13,0.1483,2.14,122.6,176,0.3293,0.2779,0.2675,98.7,High,1
DRV-0733,23,4,0.0089,7.47,3.7,3.06,0.1177,1.14,134.1,134,0.2723,0.2828,0.1425,3.8,Low,0
DRV-0734,18,1,0.0,1.25,1.3,1.84,0.0389,0.37,97.5,335,0.0835,0.1406,0.0462,0.0,Low,0
DRV-0735,75,2,0.0877,4.67,3.61,2.07,0.0745,0.69,99.7,314,0.195,0.1971,0.0862,0.1,Low,0
DRV-0736,38,3,0.0903,6.46,6.62,5.54,0.1701,1.75,114.1,428,0.3503,0.2525,0.2188,97.7,High,1
DRV-0737,63,0,0.0968,4.53,5.44,2.38,0.1267,1.13,92.1,293,0.2289,0.1736,0.1412,0.4,Low,0
DRV-0738,56,2,0.0651,4.56,4.88,4.28,0.064,0.94,86.3,822,0.2581,0.1344,0.1175,0.5,Low,0
DRV-0739,18,3,0.0819,3.22,3.77,2.48,0.127,1.13,102.5,392,0.1768,0.2044,0.1412,0.1,Low,0
DRV-0740,42,0,0.0378,1.11,4.79,0.3,0.0232,0.19,69.0,214,0.108,0.0545,0.0238,0.0,Low,0
DRV-0741,22,4,0.1337,5.1,3.97,8.15,0.1933,1.68,111.0,198,0.3312,0.2648,0.21,36.5,Low,0
DRV-0742,34,1,0.0,3.52,3.21,2.74,0.1476,2.3,94.1,1180,0.1787,0.1279,0.2875,1.9,Low,0
DRV-0743,18,8,0.0,1.14,0.66,0.77,0.0292,0.41,63.3,721,0.0492,0.0124,0.0512,0.0,Low,0
DRV-0744,19,1,0.0747,1.96,1.45,1.37,0.0971,0.51,83.1,674,0.0908,0.1277,0.0638,0.0,Low,0
DRV-0745,27,0,0.1177,3.66,0.65,0.9,0.0222,0.21,99.4,496,0.102,0.2125,0.0262,0.0,Low,0
DRV-0746,31,0,0.2205,5.49,3.54,3.45,0.2138,2.24,108.9,217,0.2378,0.3047,0.28,28.1,Low,0
DRV-0747,38,4,0.0,2.82,6.03,1.84,0.0922,1.84,60.0,483,0.1937,0.0,0.23,0.2,Low,0
DRV-0748,25,12,0.013,5.57,1.85,1.56,0.0338,0.89,79.7,390,0.1734,0.081,0.1112,0.0,Low,0
DRV-0749,39,2,0.1176,7.62,6.39,5.33,0.1991,3.14,139.2,820,0.3655,0.3617,0.3925,99.4,High,1
DRV-0750,51,1,0.2381,5.68,4.62,4.22,0.1838,2.54,110.0,299,0.275,0.3185,0.3175,94.1,High,1
DRV-0751,41,0,0.1426,5.95,2.56,1.97,0.0858,0.87,105.0,380,0.2011,0.2472,0.1088,0.2,Low,0
DRV-0752,37,0,0.1101,3.21,3.22,2.23,0.1309,1.23,95.6,130,0.1625,0.1941,0.1538,0.2,Low,0
DRV-0753,42,2,0.0911,5.79,2.91,2.2,0.0833,1.3,100.8,181,0.2083,0.2031,0.1625,0.0,Low,0
DRV-0754,20,2,0.1778,3.8,5.33,2.6,0.104,1.77,102.1,1271,0.2168,0.2557,0.2212,2.8,Low,0
DRV-0755,49,2,0.1235,2.25,5.97,1.58,0.115,1.78,83.9,524,0.1761,0.1576,0.2225,0.5,Low,0
DRV-0756,23,0,0.2857,7.99,6.55,5.82,0.2314,2.37,136.3,347,0.3854,0.4433,0.2962,99.9,High,1
DRV-0757,56,2,0.1552,4.81,5.43,7.72,0.125,1.44,127.6,465,0.3411,0.3389,0.18,50.5,Moderate,0
DRV-0758,47,13,0.0455,2.98,2.95,1.94,0.0797,0.79,99.8,131,0.1476,0.1743,0.0988,0.0,Low,0
DRV-0759,44,9,0.1365,4.44,3.86,4.76,0.1247,1.33,101.9,267,0.2483,0.2322,0.1662,1.3,Low,0
DRV-0760,45,4,0.1204,3.07,2.68,3.3,0.1383,1.35,86.2,144,0.1721,0.1645,0.1688,0.6,Low,0
DRV-0761,37,2,0.0248,4.1,3.31,2.74,0.0785,0.8,99.5,234,0.192,0.1618,0.1,0.0,Low,0
DRV-0762,28,3,0.1522,6.39,6.85,4.44,0.2881,3.13,113.5,322,0.3308,0.2843,0.3912,99.7,High,1
DRV-0763,26,0,0.0748,1.08,1.27,1.16,0.0306,0.86,88.3,820,0.066,0.1473,0.1075,0.0,Low,0
DRV-0764,59,0,0.1375,1.38,2.07,2.22,0.0391,0.51,97.7,683,0.1065,0.217,0.0638,0.3,Low,0
DRV-0765,39,6,0.1288,7.75,5.13,4.17,0.2173,3.14,131.6,491,0.3239,0.3393,0.3925,99.7,High,1
DRV-0766,24,2,0.16,7.18,5.35,6.14,0.1548,3.03,132.3,56,0.3556,0.3591,0.3787,99.2,High,1
DRV-0767,44,7,0.095,4.67,2.45,2.11,0.0865,1.25,108.5,1007,0.1764,0.2341,0.1562,0.4,Low,0
DRV-0768,42,4,0.0668,1.52,1.13,1.12,0.0413,0.41,73.5,199,0.0716,0.0874,0.0512,0.0,Low,0
DRV-0769,34,11,0.0043,1.38,1.57,2.56,0.0363,0.72,77.8,435,0.105,0.0691,0.09,0.0,Low,0
DRV-0770,27,1,0.1958,5.22,3.39,3.48,0.1287,0.95,82.4,524,0.2305,0.1917,0.1188,0.3,Low,0
DRV-0771,46,12,0.0498,1.54,2.58,1.76,0.0703,0.34,68.3,323,0.109,0.0585,0.0425,0.0,Low,0
DRV-0772,49,0,0.1355,7.63,2.98,2.37,0.1511,1.09,122.0,355,0.2497,0.307,0.1362,5.5,Low,0
DRV-0773,41,6,0.2332,6.43,4.52,3.68,0.1186,1.36,97.3,274,0.2775,0.2681,0.17,4.4,Low,0
DRV-0774,38,11,0.051,2.91,5.37,1.99,0.0963,0.96,84.3,104,0.1875,0.1192,0.12,0.2,Low,0
DRV-0775,28,2,0.0975,3.72,3.38,2.55,0.1525,1.17,102.8,1941,0.1817,0.2141,0.1462,1.1,Low,0
DRV-0776,43,1,0.0611,6.67,4.02,5.23,0.1218,3.18,102.2,510,0.305,0.1919,0.3975,50.3,Moderate,1
DRV-0777,30,2,0.075,5.14,4.17,2.29,0.079,1.1,126.6,356,0.2181,0.291,0.1375,5.4,Low,0
DRV-0778,22,2,0.0,4.72,2.98,2.8,0.0981,0.95,95.6,1142,0.2001,0.1335,0.1188,0.0,Low,0
DRV-0779,51,11,0.2792,9.85,7.92,5.76,0.2125,2.6,138.9,225,0.4442,0.4494,0.325,100.0,High,1
DRV-0780,25,0,0.1368,7.49,3.63,2.93,0.0959,1.69,96.1,775,0.2689,0.2106,0.2112,3.1,Low,0
DRV-0781,18,13,0.1226,7.98,4.89,3.89,0.181,2.13,91.9,342,0.3189,0.1871,0.2662,90.3,High,1
DRV-0782,53,2,0.0998,4.57,6.55,2.65,0.1134,1.23,95.4,461,0.2536,0.1876,0.1538,0.6,Low,0
DRV-0783,18,4,0.1391,5.37,3.15,5.09,0.1156,0.96,92.7,467,0.2617,0.1991,0.12,0.5,Low,0
DRV-0784,33,2,0.0252,4.4,4.31,2.55,0.1427,1.07,92.6,89,0.2108,0.1361,0.1338,0.7,Low,0
DRV-0785,24,9,0.1441,4.73,4.91,5.09,0.143,1.69,90.9,139,0.2782,0.1951,0.2112,25.9,Low,0
DRV-0786,29,0,0.061,4.39,2.52,0.87,0.0661,1.33,86.0,1363,0.1472,0.131,0.1662,0.1,Low,0
DRV-0787,64,1,0.0671,6.19,6.88,4.68,0.2756,1.79,115.7,297,0.3321,0.2458,0.2238,98.6,High,1
DRV-0788,36,4,0.1235,5.31,3.4,1.92,0.0868,1.01,80.3,765,0.2013,0.144,0.1262,0.0,Low,0
DRV-0789,42,1,0.0,0.62,3.49,1.44,0.0315,0.36,84.2,686,0.0994,0.0908,0.045,0.0,Low,0
DRV-0790,47,3,0.0224,1.4,0.89,2.92,0.0666,0.35,95.9,317,0.1012,0.1469,0.0438,0.0,Low,0
DRV-0791,30,0,0.0,3.55,0.99,2.71,0.0803,0.31,101.5,191,0.1417,0.1556,0.0388,0.0,Low,0
DRV-0792,50,5,0.1023,1.12,0.59,1.34,0.0655,1.62,60.0,929,0.059,0.0563,0.2025,0.0,Low,0
DRV-0793,42,1,0.0169,3.84,3.51,2.13,0.0742,2.94,91.0,1684,0.1779,0.1255,0.3675,1.0,Low,0
DRV-0794,47,5,0.0131,5.14,3.36,3.53,0.1097,1.29,89.2,277,0.2294,0.1167,0.1612,0.1,Low,0
DRV-0795,29,2,0.0647,7.77,2.5,1.69,0.0878,1.36,85.1,993,0.2309,0.1297,0.17,0.0,Low,0
DRV-0796,43,16,0.0307,2.16,2.69,1.74,0.056,0.66,109.3,793,0.1228,0.2018,0.0825,0.0,Low,0
DRV-0797,37,2,0.0,1.24,1.75,2.84,0.1091,1.77,77.2,677,0.1108,0.0645,0.2212,0.0,Low,0
DRV-0798,51,1,0.1495,5.17,3.96,3.81,0.1258,3.1,101.3,402,0.2456,0.2371,0.3875,15.5,Low,0
DRV-0799,31,0,0.0638,6.65,6.16,4.81,0.1849,1.96,111.9,297,0.3319,0.2297,0.245,97.4,High,1
DRV-0800,62,3,0.0,2.44,2.87,4.9,0.0471,1.04,111.7,140,0.1946,0.1939,0.13,0.3,Low,0
DRV-0801,42,25,0.0149,1.82,3.8,1.34,0.0503,1.34,63.7,165,0.1265,0.0221,0.1675,0.0,Low,0
DRV-0802,36,4,0.1869,5.03,4.14,3.77,0.1521,1.45,105.0,1087,0.245,0.2715,0.1812,52.8,Moderate,1
DRV-0803,35,1,0.169,4.77,4.68,2.25,0.0876,2.92,90.5,414,0.2184,0.2073,0.365,2.2,Low,0
DRV-0804,37,6,0.1086,3.5,2.16,2.78,0.0678,0.44,69.0,232,0.1616,0.0935,0.055,0.0,Low,0
DRV-0805,30,3,0.0791,3.71,2.64,2.14,0.0854,1.58,113.4,660,0.161,0.2438,0.1975,0.2,Low,0
DRV-0806,46,3,0.0,1.42,1.18,2.77,0.0445,1.42,62.7,234,0.1035,0.0101,0.1775,0.0,Low,0
DRV-0807,37,1,0.0797,2.0,2.33,1.78,0.0976,1.05,87.3,267,0.1144,0.1462,0.1312,0.0,Low,0
DRV-0808,61,4,0.1471,4.74,2.54,1.44,0.1203,2.86,92.5,1479,0.1659,0.2028,0.3575,1.5,Low,0
DRV-0809,32,6,0.1794,5.9,3.91,2.62,0.1319,1.67,95.1,215,0.2356,0.2303,0.2088,5.3,Low,0
DRV-0810,36,0,0.1911,9.43,7.76,4.9,0.1879,1.74,96.5,549,0.4159,0.242,0.2175,96.3,High,1
DRV-0811,32,1,0.0432,6.04,4.1,2.85,0.1344,3.05,104.2,311,0.2461,0.1895,0.3812,13.1,Low,0
DRV-0812,60,7,0.0458,2.89,3.2,2.21,0.0704,0.82,88.5,262,0.1553,0.1321,0.1025,0.0,Low,0
DRV-0813,20,8,0.206,6.57,2.75,2.34,0.1584,0.9,110.3,157,0.224,0.3019,0.1125,5.1,Low,0
DRV-0814,39,0,0.0,2.96,2.06,2.7,0.0559,0.73,96.5,290,0.1475,0.1369,0.0912,0.0,Low,0
DRV-0815,41,22,0.0539,8.3,5.91,3.72,0.1811,1.36,131.4,146,0.3389,0.2974,0.17,21.5,Low,0
DRV-0816,24,1,0.258,7.84,6.7,6.32,0.1807,2.11,127.4,352,0.3949,0.3947,0.2638,99.9,High,1
DRV-0817,69,2,0.0567,3.04,2.84,1.98,0.1599,1.06,105.9,352,0.1477,0.2033,0.1325,0.0,Low,0
DRV-0818,26,0,0.0541,5.22,3.8,3.25,0.1264,1.61,104.3,314,0.2327,0.1959,0.2013,1.9,Low,0
DRV-0819,38,1,0.1361,3.06,1.69,1.1,0.0745,1.74,110.7,176,0.1114,0.265,0.2175,1.0,Low,0
DRV-0820,58,4,0.1506,5.14,3.96,3.35,0.1246,2.05,108.2,970,0.2358,0.2636,0.2562,11.8,Low,0
DRV-0821,33,2,0.1248,5.94,4.37,3.72,0.1353,2.23,112.5,818,0.266,0.2655,0.2788,87.8,High,1
DRV-0822,39,2,0.0497,6.41,7.99,2.72,0.1414,1.95,113.6,339,0.3158,0.2283,0.2438,33.3,Low,0
DRV-0823,33,19,0.2922,10.88,5.35,4.11,0.1559,2.24,111.0,146,0.389,0.352,0.28,99.2,High,1
DRV-0824,37,12,0.1445,5.98,4.44,3.6,0.1462,1.56,107.4,101,0.2656,0.2572,0.195,84.1,High,1
DRV-0825,50,0,0.2044,8.26,3.92,3.68,0.1377,1.52,114.0,586,0.3041,0.3149,0.19,31.5,Low,0
DRV-0826,32,2,0.1515,4.92,3.04,2.27,0.1698,1.52,111.2,738,0.1945,0.2753,0.19,2.0,Low,0
DRV-0827,18,0,0.0655,4.99,4.7,6.61,0.0992,1.05,109.3,832,0.3103,0.2209,0.1312,6.1,Low,0
DRV-0828,37,0,0.025,2.28,2.17,2.38,0.1371,1.73,91.8,597,0.1294,0.133,0.2162,0.6,Low,0
DRV-0829,38,1,0.096,1.33,0.27,1.52,0.0921,1.06,85.3,587,0.0615,0.1477,0.1325,0.1,Low,0
DRV-0830,40,3,0.2305,5.43,4.75,3.55,0.1856,2.61,124.2,640,0.2588,0.3675,0.3262,92.6,High,1
DRV-0831,35,1,0.0226,5.4,5.2,3.67,0.192,1.49,97.8,442,0.2681,0.1542,0.1862,38.9,Low,0
DRV-0832,27,2,0.1797,5.12,4.19,6.17,0.1299,2.5,113.6,239,0.2956,0.2998,0.3125,72.7,High,1
DRV-0833,35,1,0.2045,8.27,6.6,5.63,0.2134,2.2,93.5,183,0.388,0.2381,0.275,97.9,High,1
DRV-0834,59,0,0.0125,3.27,3.42,5.33,0.0766,1.82,105.9,425,0.229,0.179,0.2275,0.7,Low,0
DRV-0835,37,2,0.1286,4.75,3.39,2.71,0.1316,2.35,96.4,391,0.2057,0.2072,0.2938,1.0,Low,0
DRV-0836,45,3,0.032,4.22,3.58,11.97,0.1168,1.57,96.8,232,0.3835,0.1556,0.1962,8.6,Low,0
DRV-0837,25,0,0.0,0.65,1.58,1.03,0.1025,0.81,82.5,387,0.0599,0.0844,0.1013,0.0,Low,0
DRV-0838,34,0,0.1215,7.17,9.34,3.97,0.1698,3.26,126.1,245,0.3785,0.3147,0.4075,99.5,High,1
DRV-0839,25,2,0.02,1.85,1.86,3.7,0.1003,1.86,120.1,502,0.142,0.2364,0.2325,1.3,Low,0
DRV-0840,53,4,0.0766,2.99,5.01,2.1,0.1393,1.11,79.9,245,0.1853,0.1168,0.1388,0.9,Low,0
DRV-0841,19,2,0.0,1.65,3.22,1.3,0.0734,0.62,76.0,203,0.1127,0.06,0.0775,0.0,Low,0
DRV-0842,42,0,0.1268,2.3,1.6,0.85,0.0691,0.93,90.2,197,0.0897,0.183,0.1162,0.0,Low,0
DRV-0843,42,5,0.1269,3.69,3.46,2.8,0.0888,2.14,93.5,271,0.1875,0.1954,0.2675,0.0,Low,0
DRV-0844,41,8,0.2482,4.95,4.13,3.32,0.1351,1.83,122.2,358,0.2342,0.3698,0.2288,53.4,Moderate,1
DRV-0845,18,5,0.0018,1.31,0.54,0.63,0.0368,0.19,80.6,199,0.0478,0.0782,0.0238,0.0,Low,0
DRV-0846,18,6,0.0188,5.58,1.56,1.65,0.0498,0.67,102.4,567,0.1706,0.1693,0.0838,0.0,Low,0
DRV-0847,39,0,0.1621,3.21,6.49,3.02,0.0692,0.66,90.0,712,0.2328,0.2017,0.0825,0.5,Low,0
DRV-0848,26,0,0.1069,5.82,5.66,3.62,0.1439,2.26,118.9,569,0.2831,0.2797,0.2825,92.9,High,1
DRV-0849,30,1,0.076,3.3,2.99,2.35,0.0947,1.03,88.3,774,0.1628,0.1479,0.1288,0.0,Low,0
DRV-0850,32,1,0.0997,3.42,2.13,1.98,0.0725,0.57,116.2,104,0.1435,0.2656,0.0712,0.3,Low,0
DRV-0851,25,1,0.0,2.03,2.86,1.41,0.0495,1.25,72.4,144,0.1165,0.0465,0.1562,0.0,Low,0
DRV-0852,23,3,0.157,6.55,7.06,3.2,0.1365,1.29,97.6,537,0.3127,0.2274,0.1612,11.1,Low,0
DRV-0853,37,0,0.0906,7.13,2.58,1.84,0.1108,1.73,75.7,337,0.2224,0.1087,0.2162,0.5,Low,0
DRV-0854,18,0,0.2732,9.47,6.06,5.62,0.1984,2.66,134.6,250,0.4028,0.43,0.3325,100.0,High,1
DRV-0855,31,7,0.2253,5.91,6.4,4.04,0.1518,2.16,125.8,889,0.3057,0.3707,0.27,97.7,High,1
DRV-0856,29,6,0.1923,5.11,3.73,2.88,0.1471,1.71,91.5,354,0.222,0.2239,0.2138,4.8,Low,0
DRV-0857,37,2,0.1324,7.61,7.67,4.89,0.1387,2.25,123.7,476,0.3778,0.3117,0.2812,99.1,High,1
DRV-0858,66,8,0.0558,6.37,3.65,2.99,0.1256,1.21,96.2,230,0.248,0.1664,0.1512,0.8,Low,0
DRV-0859,26,4,0.2779,5.2,4.49,4.03,0.2384,2.61,119.2,991,0.2594,0.3748,0.3262,89.6,High,1
DRV-0860,42,0,0.0,3.79,2.87,2.16,0.1061,0.91,103.8,344,0.1668,0.1642,0.1138,0.0,Low,0
DRV-0861,40,1,0.1622,12.05,8.38,5.85,0.2204,2.49,133.7,697,0.4977,0.3656,0.3113,99.8,High,1
DRV-0862,44,5,0.2521,9.14,7.07,6.73,0.2043,3.08,140.8,290,0.4352,0.4417,0.385,100.0,High,1
DRV-0863,35,4,0.1,4.39,0.69,1.96,0.053,0.18,78.9,546,0.1385,0.1259,0.0225,0.0,Low,0
DRV-0864,55,10,0.049,3.2,1.75,1.46,0.1298,0.41,92.7,437,0.1224,0.1496,0.0512,0.2,Low,0
DRV-0865,46,1,0.1693,6.03,3.93,3.1,0.114,1.12,101.7,980,0.2481,0.2495,0.14,2.2,Low,0
DRV-0866,46,2,0.0247,5.75,5.65,4.41,0.192,2.06,90.6,303,0.2974,0.1283,0.2575,78.5,High,1
DRV-0867,21,0,0.0086,6.15,1.14,3.63,0.057,0.41,87.3,279,0.2146,0.1071,0.0512,0.3,Low,0
DRV-0868,39,0,0.044,6.92,6.01,9.96,0.1552,1.89,105.3,774,0.4378,0.1941,0.2362,94.1,High,1
DRV-0869,31,1,0.1011,4.83,1.77,1.41,0.0867,1.12,109.1,155,0.1543,0.2397,0.14,0.0,Low,0
DRV-0870,27,4,0.0081,3.5,2.97,2.67,0.1237,2.16,86.7,98,0.1729,0.1046,0.27,1.2,Low,0
DRV-0871,30,0,0.0221,7.03,2.92,2.69,0.1088,1.19,117.3,199,0.2431,0.227,0.1488,0.7,Low,0
DRV-0872,37,8,0.0737,2.08,2.19,1.99,0.0374,2.65,87.7,588,0.1179,0.1444,0.3312,0.7,Low,0
DRV-0873,43,7,0.1749,3.99,6.21,3.93,0.1351,1.34,110.3,1105,0.2619,0.2848,0.1675,9.4,Low,0
DRV-0874,49,3,0.0427,2.5,1.61,1.91,0.0933,0.87,75.4,208,0.115,0.0812,0.1088,0.0,Low,0
DRV-0875,49,8,0.0649,1.94,1.96,0.81,0.0574,2.04,83.3,230,0.0877,0.1231,0.255,0.2,Low,0
DRV-0876,41,0,0.0399,1.22,3.65,0.56,0.03,0.22,73.8,661,0.0964,0.0737,0.0275,0.0,Low,0
DRV-0877,38,2,0.1305,5.23,6.18,4.87,0.1501,1.58,138.0,293,0.305,0.3643,0.1975,93.4,High,1
DRV-0878,34,4,0.0426,3.93,3.52,3.81,0.1284,2.14,96.5,263,0.2135,0.1603,0.2675,3.4,Low,0
DRV-0879,35,1,0.1348,4.6,4.81,2.37,0.1058,1.04,116.9,1066,0.2196,0.2875,0.13,3.4,Low,0
DRV-0880,28,2,0.0736,1.43,1.32,1.89,0.0651,0.84,102.4,679,0.0884,0.1995,0.105,0.0,Low,0
DRV-0881,32,6,0.1158,4.75,5.27,2.51,0.181,0.82,107.9,518,0.233,0.2433,0.1025,2.0,Low,0
DRV-0882,42,5,0.13,6.04,3.19,5.07,0.1858,1.17,98.3,118,0.2754,0.2151,0.1462,6.3,Low,0
DRV-0883,56,0,0.0,3.58,2.43,5.5,0.0522,1.02,114.7,178,0.2221,0.2051,0.1275,0.6,Low,0
DRV-0884,36,2,0.2335,7.37,5.77,4.4,0.1713,2.07,148.0,580,0.3316,0.4584,0.2588,100.0,High,1
DRV-0885,28,6,0.1376,4.79,4.93,4.41,0.1352,1.72,115.9,418,0.2662,0.2853,0.215,65.8,Moderate,1
DRV-0886,49,0,0.0598,3.42,2.56,3.03,0.144,1.15,94.7,196,0.1717,0.163,0.1438,0.2,Low,0
DRV-0887,18,17,0.0906,3.81,3.58,2.48,0.1625,1.31,94.4,334,0.1855,0.1788,0.1638,0.2,Low,0
DRV-0888,50,0,0.1177,5.97,5.98,3.91,0.1632,3.63,122.0,801,0.2973,0.2972,0.4538,95.7,High,1
DRV-0889,20,2,0.2595,9.9,5.97,5.57,0.2391,2.74,127.9,1357,0.4089,0.3974,0.3425,99.4,High,1
DRV-0890,45,7,0.1083,6.85,11.86,6.35,0.1872,2.22,126.4,311,0.4617,0.3086,0.2775,99.9,High,1
DRV-0891,32,3,0.0,4.76,1.83,3.96,0.074,0.99,70.9,283,0.2049,0.0409,0.1238,0.0,Low,0
DRV-0892,41,7,0.0283,2.38,1.46,1.43,0.1046,0.52,91.4,404,0.1005,0.1333,0.065,0.0,Low,0
DRV-0893,62,0,0.1265,1.15,1.22,1.32,0.0545,0.81,100.5,810,0.0697,0.2215,0.1013,0.3,Low,0
DRV-0894,27,2,0.2017,4.89,5.78,4.41,0.1903,2.02,121.4,728,0.2823,0.3412,0.2525,70.5,High,1
DRV-0895,25,1,0.0762,7.27,5.1,4.67,0.1517,2.47,115.0,407,0.3238,0.2482,0.3088,98.0,High,1
DRV-0896,38,1,0.1351,3.11,3.1,2.47,0.1231,0.68,91.0,371,0.1633,0.1906,0.085,0.0,Low,0
DRV-0897,56,2,0.1478,3.02,3.13,3.08,0.0705,0.94,77.7,598,0.1742,0.1477,0.1175,0.0,Low,0
DRV-0898,40,3,0.0,1.91,1.69,3.13,0.0722,1.2,84.0,1002,0.129,0.09,0.15,0.0,Low,0
DRV-0899,38,0,0.0,2.7,3.25,1.97,0.0431,0.77,83.2,241,0.1476,0.087,0.0962,0.0,Low,0
DRV-0900,40,5,0.2399,9.2,9.29,6.74,0.2216,3.93,143.4,286,0.4736,0.4447,0.4912,99.8,High,1
DRV-0901,25,2,0.1498,3.08,2.71,2.29,0.0782,1.98,90.4,658,0.1526,0.1964,0.2475,0.4,Low,0
DRV-0902,40,1,0.2275,4.76,4.88,3.3,0.1263,1.41,97.7,395,0.2425,0.2665,0.1762,7.6,Low,0
DRV-0903,33,5,0.181,8.61,7.86,7.7,0.2223,2.48,142.4,221,0.4572,0.4086,0.31,100.0,High,1
DRV-0904,53,10,0.3195,7.62,6.71,6.0,0.1957,2.47,123.9,423,0.3842,0.4154,0.3088,99.9,High,1
DRV-0905,47,5,0.0,2.94,0.72,1.59,0.0543,0.76,74.7,452,0.1026,0.0551,0.095,0.0,Low,0
DRV-0906,22,0,0.0572,3.9,3.26,1.91,0.1154,1.25,107.9,159,0.1705,0.2111,0.1562,0.0,Low,0
DRV-0907,34,1,0.0895,6.06,4.06,3.9,0.1328,1.29,111.7,399,0.2669,0.2431,0.1612,2.5,Low,0
DRV-0908,44,0,0.2656,8.66,6.41,4.49,0.2104,2.28,122.4,348,0.3698,0.3801,0.285,99.9,High,1
DRV-0909,26,2,0.1752,7.2,3.12,2.61,0.1443,1.3,98.0,257,0.2482,0.2389,0.1625,1.8,Low,0
DRV-0910,25,3,0.0834,1.53,0.75,1.04,0.0845,0.37,90.5,237,0.0639,0.1602,0.0462,0.0,Low,0
DRV-0911,32,2,0.0,3.25,4.09,3.2,0.1396,1.38,103.8,226,0.1972,0.1642,0.1725,0.1,Low,0
DRV-0912,42,2,0.0547,0.96,2.26,0.46,0.0263,0.7,83.2,138,0.0661,0.1171,0.0875,0.0,Low,0
DRV-0913,50,1,0.1491,4.55,4.88,3.68,0.1141,1.44,108.6,685,0.2459,0.2643,0.18,10.5,Low,0
DRV-0914,40,1,0.0383,5.79,4.79,4.21,0.1234,1.99,104.4,155,0.2798,0.1876,0.2488,62.7,Moderate,1
DRV-0915,67,7,0.0,4.57,3.28,5.99,0.1057,1.3,93.1,332,0.2659,0.1241,0.1625,0.5,Low,0
DRV-0916,29,6,0.2325,6.62,5.44,6.2,0.1602,1.96,116.8,250,0.3471,0.3409,0.245,99.4,High,1
DRV-0917,46,6,0.0218,3.56,1.08,1.91,0.0571,3.24,75.9,226,0.1274,0.0716,0.405,1.8,Low,0
DRV-0918,24,3,0.0484,4.84,6.99,3.12,0.1434,2.34,95.7,637,0.2757,0.1605,0.2925,13.1,Low,0
DRV-0919,57,18,0.0429,1.97,1.88,2.32,0.0883,1.07,91.6,365,0.1171,0.1421,0.1338,0.0,Low,0
DRV-0920,54,7,0.0775,5.79,1.66,1.97,0.0712,1.31,104.6,209,0.1829,0.2099,0.1638,0.0,Low,0
DRV-0921,46,3,0.0471,4.33,1.8,1.26,0.0815,0.55,67.0,197,0.1418,0.0522,0.0688,0.0,Low,0
DRV-0922,18,2,0.0321,5.59,4.06,4.27,0.1351,1.69,103.9,443,0.2649,0.1823,0.2112,18.2,Low,0
DRV-0923,46,2,0.2141,3.77,3.46,2.68,0.087,1.14,106.4,729,0.1867,0.2918,0.1425,0.8,Low,0
DRV-0924,28,12,0.1542,3.57,3.38,2.93,0.1025,1.73,114.3,564,0.1863,0.2884,0.2162,2.4,Low,0
DRV-0925,43,7,0.1212,6.81,5.87,4.51,0.1987,1.51,133.9,402,0.3242,0.3438,0.1888,91.9,High,1
DRV-0926,20,3,0.059,8.92,6.27,3.84,0.0674,1.18,94.4,258,0.3597,0.1615,0.1475,3.6,Low,0
DRV-0927,41,0,0.0982,4.42,3.5,2.76,0.0813,1.69,121.2,569,0.2019,0.2835,0.2112,1.1,Low,0
DRV-0928,33,1,0.1318,9.16,9.55,7.32,0.2572,2.85,131.1,491,0.4888,0.3391,0.3562,99.8,High,1
DRV-0929,28,5,0.0525,1.56,1.24,0.8,0.0545,0.78,97.3,310,0.0679,0.1688,0.0975,0.0,Low,0
DRV-0930,45,6,0.0,3.51,2.58,1.34,0.0848,1.34,77.2,1028,0.14,0.0645,0.1675,0.0,Low,0
DRV-0931,37,6,0.1896,7.31,5.79,6.15,0.1705,2.07,129.7,400,0.3657,0.3657,0.2588,100.0,High,1
DRV-0932,35,6,0.0837,8.25,5.75,4.43,0.1783,1.7,126.0,589,0.3494,0.2935,0.2125,98.5,High,1
DRV-0933,46,7,0.0,3.83,2.01,1.98,0.0637,0.67,86.5,488,0.1497,0.0994,0.0838,0.0,Low,0
DRV-0934,60,7,0.1509,2.5,1.74,1.65,0.1268,1.13,60.7,482,0.112,0.0856,0.1412,0.0,Low,0
DRV-0935,41,0,0.0598,3.39,1.83,2.7,0.0597,1.18,94.6,153,0.1523,0.1626,0.1475,0.0,Low,0
DRV-0936,18,3,0.1742,6.11,5.31,3.95,0.2118,2.23,114.4,262,0.2897,0.2998,0.2788,96.9,High,1
DRV-0937,19,2,0.0,2.8,3.71,4.08,0.0686,1.07,113.3,1680,0.1994,0.1999,0.1338,0.6,Low,0
DRV-0938,38,6,0.0026,4.28,1.12,1.39,0.0707,0.63,82.3,980,0.1321,0.0851,0.0788,0.0,Low,0
DRV-0939,50,15,0.1786,6.65,6.82,3.53,0.1928,2.37,106.0,452,0.3173,0.2707,0.2962,97.6,High,1
DRV-0940,39,6,0.0442,1.54,1.09,1.94,0.0578,0.82,73.4,290,0.0878,0.0746,0.1025,0.0,Low,0
DRV-0941,44,10,0.0,2.61,3.16,1.67,0.1213,0.98,88.0,96,0.1383,0.105,0.1225,0.0,Low,0
DRV-0942,37,0,0.1865,7.16,5.42,5.54,0.1561,1.8,151.8,171,0.3443,0.4468,0.225,99.8,High,1
DRV-0943,49,4,0.1326,3.87,3.24,3.03,0.1217,1.81,86.2,377,0.192,0.1712,0.2262,0.3,Low,0
DRV-0944,45,6,0.3296,9.0,7.58,7.31,0.2392,4.13,121.7,245,0.4525,0.4127,0.5162,99.8,High,1
DRV-0945,25,0,0.0414,3.4,2.47,2.83,0.0873,1.66,97.8,326,0.1658,0.1645,0.2075,0.0,Low,0
DRV-0946,43,2,0.0,5.03,2.47,2.12,0.0743,1.11,120.7,454,0.1842,0.2276,0.1388,0.1,Low,0
DRV-0947,19,3,0.0024,2.72,1.78,2.31,0.0939,0.79,103.1,108,0.1303,0.1629,0.0988,0.1,Low,0
DRV-0948,43,0,0.0722,7.25,5.65,4.48,0.1583,1.63,130.2,291,0.3288,0.303,0.2037,97.2,High,1
DRV-0949,34,8,0.1364,5.92,4.37,2.28,0.0943,1.83,96.5,215,0.2368,0.2119,0.2288,4.7,Low,0
DRV-0950,39,4,0.0,8.29,6.13,3.85,0.1696,1.39,92.3,203,0.345,0.1211,0.1737,17.4,Low,0
DRV-0951,41,1,0.0108,2.04,2.8,1.1,0.1372,2.48,83.2,943,0.1095,0.0929,0.31,1.7,Low,0
DRV-0952,41,1,0.2315,5.17,9.14,3.47,0.1506,2.6,111.9,644,0.3251,0.322,0.325,88.5,High,1
DRV-0953,55,3,0.1221,4.87,3.54,4.54,0.1072,3.0,107.9,267,0.2472,0.2468,0.375,10.2,Low,0
DRV-0954,38,12,0.153,4.68,2.89,2.63,0.1031,1.19,100.1,381,0.1944,0.2345,0.1488,0.0,Low,0
DRV-0955,40,4,0.0,3.32,1.75,3.92,0.12,0.71,99.9,200,0.174,0.1496,0.0888,0.0,Low,0
DRV-0956,53,2,0.0932,6.79,5.94,5.65,0.1629,2.5,114.7,276,0.3478,0.2564,0.3125,97.8,High,1
DRV-0957,60,3,0.2274,5.52,5.28,3.37,0.1292,1.45,101.1,802,0.2658,0.2792,0.1812,64.6,Moderate,1
DRV-0958,37,0,0.1119,4.09,3.11,3.0,0.1349,2.68,89.7,467,0.1936,0.1729,0.335,1.3,Low,0
DRV-0959,31,6,0.0278,2.06,1.51,1.62,0.0745,0.39,87.4,445,0.0988,0.118,0.0488,0.0,Low,0
DRV-0960,32,0,0.0358,4.04,4.98,4.25,0.1158,1.21,104.8,862,0.2488,0.1877,0.1512,0.9,Low,0
DRV-0961,43,2,0.1085,3.89,5.88,4.06,0.139,1.21,116.5,403,0.257,0.2716,0.1512,8.2,Low,0
DRV-0962,35,7,0.0,2.88,1.9,2.17,0.0873,0.79,110.9,350,0.1327,0.1909,0.0988,0.0,Low,0
DRV-0963,18,3,0.133,2.63,3.88,4.05,0.084,0.68,79.6,577,0.1983,0.1466,0.085,0.1,Low,0
DRV-0964,51,2,0.3208,5.49,5.2,4.05,0.1916,2.66,116.2,137,0.2775,0.3872,0.3325,98.7,High,1
DRV-0965,47,6,0.1132,5.14,2.54,2.33,0.0806,2.22,96.8,253,0.1917,0.2003,0.2775,1.2,Low,0
DRV-0966,51,13,0.0,1.39,1.1,1.27,0.056,0.64,69.2,295,0.0715,0.0345,0.08,0.0,Low,0
DRV-0967,54,0,0.0,2.86,2.76,3.98,0.1382,0.86,92.3,411,0.1828,0.1211,0.1075,0.7,Low,0
DRV-0968,40,4,0.0,1.95,1.32,2.68,0.0738,1.24,105.3,230,0.1146,0.1699,0.155,0.0,Low,0
DRV-0969,41,2,0.1619,2.72,2.19,1.65,0.1151,0.7,88.1,152,0.1239,0.1944,0.0875,0.0,Low,0
DRV-0970,50,8,0.2141,9.54,8.74,8.28,0.2705,2.76,133.5,135,0.5021,0.3934,0.345,100.0,High,1
DRV-0971,23,1,0.0706,3.84,3.66,2.36,0.2006,1.02,100.6,316,0.185,0.1911,0.1275,0.1,Low,0
DRV-0972,33,13,0.1609,4.72,5.33,3.21,0.1811,2.76,118.7,259,0.2474,0.3086,0.345,34.7,Low,0
DRV-0973,37,6,0.182,8.51,2.88,2.15,0.1799,1.48,97.6,229,0.2612,0.2411,0.185,11.8,Low,0
DRV-0974,49,12,0.0157,3.88,2.31,0.9,0.1028,0.44,87.9,207,0.1341,0.1133,0.055,0.0,Low,0
DRV-0975,31,1,0.067,4.59,3.38,2.34,0.0839,2.03,73.4,445,0.1949,0.0871,0.2537,0.0,Low,0
DRV-0976,29,0,0.0857,3.88,3.52,2.56,0.1297,1.33,105.5,754,0.1875,0.2178,0.1662,0.3,Low,0
DRV-0977,32,1,0.1502,8.95,6.31,4.79,0.1787,1.91,125.6,428,0.38,0.3286,0.2388,99.8,High,1
DRV-0978,43,9,0.0267,4.22,2.86,1.46,0.0696,0.71,104.6,543,0.1613,0.1819,0.0888,0.0,Low,0
DRV-0979,37,6,0.1911,6.5,5.81,5.94,0.1751,2.2,95.6,342,0.3456,0.2386,0.275,97.9,High,1
DRV-0980,20,3,0.0578,4.29,4.78,2.89,0.0669,0.6,87.0,408,0.2233,0.133,0.075,0.0,Low,0
DRV-0981,22,5,0.2444,5.52,3.88,4.89,0.1134,1.32,118.2,814,0.2729,0.3527,0.165,6.8,Low,0
DRV-0982,39,14,0.0552,5.87,0.99,1.16,0.0275,0.55,79.9,389,0.1571,0.105,0.0688,0.0,Low,0
DRV-0983,40,0,0.1952,5.59,3.75,4.4,0.1213,1.28,109.5,451,0.2623,0.293,0.16,2.7,Low,0
DRV-0984,38,8,0.0,4.14,2.1,1.2,0.0899,0.65,85.5,223,0.1418,0.0956,0.0812,0.0,Low,0
DRV-0985,32,1,0.0447,5.15,0.74,1.54,0.0696,0.29,78.4,587,0.1461,0.0936,0.0362,0.0,Low,0
DRV-0986,47,3,0.0,5.07,1.63,1.2,0.0845,0.71,103.6,678,0.1526,0.1635,0.0888,0.1,Low,0
DRV-0987,42,1,0.1406,6.38,3.38,4.42,0.1215,1.23,89.6,528,0.2723,0.1883,0.1538,1.7,Low,0
DRV-0988,42,1,0.1326,5.2,3.31,4.32,0.1107,1.14,100.3,387,0.2456,0.2241,0.1425,0.2,Low,0
DRV-0989,42,7,0.0197,1.94,2.34,0.59,0.0695,0.29,86.8,227,0.0896,0.1113,0.0362,0.0,Low,0
DRV-0990,57,0,0.2583,5.25,3.77,3.57,0.1499,1.56,117.3,160,0.2392,0.3569,0.195,19.2,Low,0
DRV-0991,25,7,0.1717,3.27,2.86,3.11,0.1165,1.11,98.2,440,0.1753,0.2377,0.1388,0.1,Low,0
DRV-0992,32,1,0.1144,2.66,1.6,1.3,0.052,0.8,101.6,398,0.1059,0.2189,0.1,0.0,Low,0
DRV-0993,33,2,0.1062,3.04,2.25,2.06,0.104,0.72,93.1,317,0.1395,0.1825,0.09,0.0,Low,0
DRV-0994,53,2,0.2012,4.22,6.41,4.37,0.0847,1.66,103.2,676,0.2786,0.2727,0.2075,17.0,Low,0
DRV-0995,33,1,0.0,2.91,2.82,3.08,0.0733,0.99,100.0,238,0.1668,0.15,0.1238,0.0,Low,0
DRV-0996,28,6,0.1367,2.49,1.56,1.98,0.0656,0.65,100.3,96,0.1154,0.2263,0.0812,0.4,Low,0
DRV-0997,36,0,0.0014,3.84,3.34,2.54,0.0567,1.18,100.4,149,0.1833,0.1523,0.1475,0.0,Low,0
DRV-0998,39,6,0.0,1.88,0.95,3.98,0.08,0.83,74.1,247,0.133,0.0529,0.1038,0.0,Low,0
DRV-0999,52,13,0.0868,3.0,2.8,1.28,0.0911,0.68,94.8,818,0.1323,0.1782,0.085,0.0,Low,0
DRV-1000,33,3,0.0929,1.09,1.76,0.61,0.0429,0.49,90.8,196,0.0633,0.1666,0.0612,0.0,Low,0
DRV-1001,29,1,0.0,1.11,2.88,2.26,0.0344,0.73,101.8,229,0.1154,0.1568,0.0912,0.0,Low,0
DRV-1002,27,0,0.0142,1.68,1.44,2.18,0.118,1.15,78.2,464,0.1012,0.0761,0.1438,0.0,Low,0
DRV-1003,33,4,0.128,5.96,4.06,2.87,0.1803,1.46,114.4,575,0.2443,0.2744,0.1825,9.5,Low,0
DRV-1004,68,0,0.0693,2.8,5.81,1.95,0.1355,0.81,94.2,110,0.1918,0.1664,0.1013,0.7,Low,0
DRV-1005,42,4,0.1737,4.55,4.01,4.35,0.1316,1.29,110.3,74,0.2448,0.2842,0.1612,4.4,Low,0
DRV-1006,45,0,0.295,3.33,2.74,2.74,0.1721,0.94,87.4,195,0.1671,0.265,0.1175,3.4,Low,0
DRV-1007,37,4,0.136,4.69,5.9,3.93,0.1349,1.15,105.2,707,0.2707,0.2443,0.1438,5.9,Low,0
DRV-1008,39,1,0.0009,1.93,1.76,3.35,0.0426,0.53,94.1,376,0.1349,0.1284,0.0662,0.1,Low,0
DRV-1009,47,3,0.0,4.29,1.26,1.47,0.1019,1.91,78.1,199,0.1362,0.0679,0.2388,0.0,Low,0
DRV-1010,44,1,0.0572,3.38,3.0,2.26,0.1217,0.86,114.9,461,0.1628,0.2373,0.1075,0.1,Low,0
DRV-1011,42,5,0.0569,4.57,4.43,2.85,0.1027,1.18,87.4,337,0.2222,0.134,0.1475,0.0,Low,0
DRV-1012,38,0,0.0675,2.5,1.44,2.41,0.041,0.46,95.5,401,0.1222,0.1703,0.0575,0.0,Low,0
DRV-1013,33,4,0.0875,3.09,2.37,1.4,0.0607,1.1,64.7,156,0.1293,0.0658,0.1375,0.0,Low,0
DRV-1014,43,6,0.0228,1.89,2.55,4.25,0.0815,1.84,88.5,145,0.1653,0.1194,0.23,0.6,Low,0
DRV-1015,39,15,0.3665,11.42,8.22,5.74,0.2368,2.66,142.3,1224,0.4802,0.5102,0.3325,98.4,High,1
DRV-1016,63,1,0.0536,4.19,3.72,3.95,0.1008,1.64,110.9,282,0.2248,0.2204,0.205,0.8,Low,0
DRV-1017,50,3,0.0837,5.78,2.67,2.13,0.1122,1.03,99.5,213,0.2027,0.1942,0.1288,0.0,Low,0
DRV-1018,29,0,0.0889,4.15,1.65,1.27,0.0509,1.58,88.7,288,0.1359,0.1565,0.1975,0.0,Low,0
DRV-1019,23,1,0.2023,5.98,6.18,3.83,0.135,1.89,120.8,442,0.2992,0.3393,0.2362,95.1,High,1
DRV-1020,33,1,0.1485,3.84,3.13,2.17,0.0648,0.8,107.8,810,0.1724,0.2609,0.1,0.0,Low,0
DRV-1021,25,0,0.2133,6.5,6.29,4.98,0.2035,1.94,139.4,430,0.3344,0.4151,0.2425,99.8,High,1
DRV-1022,32,19,0.1417,2.79,4.7,2.84,0.0836,1.03,82.5,296,0.1909,0.1623,0.1288,0.0,Low,0
DRV-1023,26,1,0.0536,3.55,3.32,3.3,0.1507,0.96,99.0,811,0.1923,0.1757,0.12,0.5,Low,0
DRV-1024,34,0,0.1031,3.14,2.1,1.47,0.1119,0.65,64.7,643,0.1272,0.0743,0.0812,0.0,Low,0
DRV-1025,34,3,0.2092,6.29,4.68,3.97,0.1839,1.89,99.0,252,0.2832,0.2613,0.2362,95.0,High,1
DRV-1026,39,5,0.3087,10.31,6.89,5.12,0.234,2.9,121.4,320,0.4234,0.4,0.3625,100.0,High,1
DRV-1027,35,0,0.0,3.8,3.05,2.86,0.0847,1.57,109.3,519,0.184,0.1849,0.1962,0.0,Low,0
DRV-1028,27,1,0.0893,5.41,4.2,3.48,0.1689,1.6,107.1,815,0.2478,0.2257,0.2,58.5,Moderate,1
DRV-1029,52,2,0.3285,11.0,8.87,7.23,0.2884,3.05,140.3,172,0.5124,0.4818,0.3812,100.0,High,1
DRV-1030,42,0,0.0539,7.69,6.32,8.32,0.1879,2.74,132.3,343,0.4255,0.3008,0.3425,98.8,High,1
DRV-1031,31,6,0.0602,1.97,2.85,0.89,0.0447,0.82,79.0,226,0.1047,0.1044,0.1025,0.0,Low,0
DRV-1032,27,3,0.242,8.71,5.56,4.1,0.2587,1.8,96.8,350,0.3489,0.2711,0.225,98.3,High,1
DRV-1033,20,9,0.0,4.05,1.27,2.81,0.0673,0.23,75.2,210,0.1584,0.057,0.0288,0.0,Low,0
DRV-1034,19,0,0.0,0.94,1.69,0.93,0.0323,0.74,84.4,681,0.0656,0.0915,0.0925,0.0,Low,0
DRV-1035,50,2,0.092,6.93,4.58,4.14,0.1506,1.83,121.4,680,0.2977,0.2809,0.2288,95.0,High,1
DRV-1036,49,6,0.0171,4.42,2.87,1.77,0.0467,0.85,88.6,931,0.1716,0.1167,0.1062,0.0,Low,0
DRV-1037,30,7,0.0115,1.52,3.19,3.88,0.0372,0.88,94.8,222,0.1612,0.1368,0.11,0.0,Low,0
DRV-1038,54,5,0.1601,7.77,6.14,6.42,0.1995,2.88,137.0,518,0.3861,0.3768,0.36,99.9,High,1
DRV-1039,45,9,0.0,1.2,1.64,0.66,0.0284,2.3,99.8,515,0.0645,0.1492,0.2875,0.0,Low,0
DRV-1040,40,2,0.1683,7.12,5.95,5.79,0.1648,1.96,124.2,788,0.3574,0.3333,0.245,99.9,High,1
DRV-1041,48,1,0.0743,7.06,3.09,3.3,0.0977,1.13,87.2,743,0.2587,0.1429,0.1412,0.8,Low,0
DRV-1042,45,2,0.3229,7.59,6.76,5.43,0.1984,2.65,113.2,313,0.3731,0.3771,0.3312,99.6,High,1
DRV-1043,39,13,0.1944,8.35,7.62,6.92,0.1911,2.52,116.0,290,0.4324,0.3169,0.315,99.7,High,1
DRV-1044,35,4,0.1753,7.63,4.86,4.65,0.154,1.92,102.4,225,0.3266,0.2554,0.24,98.8,High,1
DRV-1045,36,8,0.0732,4.29,3.49,3.11,0.1625,1.38,105.8,430,0.2062,0.212,0.1725,0.0,Low,0
DRV-1046,18,3,0.02,2.22,3.88,1.57,0.0951,0.89,115.3,452,0.1405,0.2184,0.1112,0.0,Low,0
DRV-1047,28,1,0.0206,5.76,3.61,3.35,0.1259,1.23,110.6,193,0.2424,0.2011,0.1538,0.7,Low,0
DRV-1048,59,4,0.1826,10.24,8.71,8.24,0.2631,2.91,142.3,253,0.5148,0.4091,0.3638,99.8,High,1
DRV-1049,28,2,0.0658,5.94,5.02,7.99,0.1193,1.6,123.1,725,0.3623,0.2728,0.2,45.4,Moderate,1
DRV-1050,18,6,0.2141,8.03,7.81,5.0,0.2025,2.27,116.5,136,0.3908,0.3296,0.2838,100.0,High,1
DRV-1051,48,0,0.2148,5.31,6.54,4.08,0.1498,1.56,126.8,176,0.2968,0.3686,0.195,91.5,High,1
DRV-1052,40,1,0.0,6.93,2.51,4.09,0.0787,1.54,109.6,781,0.2622,0.186,0.1925,5.4,Low,0
DRV-1053,41,8,0.0161,2.55,3.67,3.18,0.0661,1.16,91.9,360,0.1758,0.1285,0.145,0.1,Low,0
DRV-1054,36,2,0.0083,3.56,4.42,3.31,0.1335,1.16,125.8,138,0.2111,0.2513,0.145,5.6,Low,0
DRV-1055,48,0,0.0407,2.79,1.75,1.49,0.0824,1.71,106.3,785,0.1148,0.196,0.2138,0.0,Low,0
DRV-1056,56,9,0.2148,5.62,5.6,4.48,0.1351,3.8,114.9,122,0.2953,0.324,0.475,96.8,High,1
DRV-1057,31,1,0.0,1.1,0.59,0.19,0.0314,0.34,79.5,200,0.0356,0.0731,0.0425,0.0,Low,0
DRV-1058,45,14,0.1186,5.43,4.4,4.68,0.1564,1.27,102.6,699,0.2755,0.225,0.1588,11.3,Low,0
DRV-1059,51,1,0.157,2.52,2.79,2.0,0.1507,1.18,94.4,549,0.1369,0.2154,0.1475,0.1,Low,0
DRV-1060,31,5,0.2471,10.8,8.33,5.62,0.2111,2.23,129.0,593,0.4672,0.3947,0.2788,100.0,High,1
DRV-1061,56,0,0.0486,3.37,3.08,4.55,0.1263,1.6,97.7,246,0.2097,0.1681,0.2,1.4,Low,0
DRV-1062,51,4,0.1581,5.32,4.91,6.15,0.1316,1.92,111.4,262,0.3112,0.2797,0.24,91.2,High,1
DRV-1063,23,4,0.0864,8.7,4.26,3.64,0.1507,1.37,96.8,140,0.3178,0.1855,0.1713,13.2,Low,0
DRV-1064,57,11,0.1092,3.7,6.27,2.29,0.1232,1.18,92.4,478,0.2243,0.1816,0.1475,0.7,Low,0
DRV-1065,23,0,0.1231,7.58,2.66,2.26,0.1317,0.98,81.9,542,0.2411,0.1498,0.1225,0.7,Low,0
DRV-1066,29,0,0.0,1.63,2.39,2.0,0.0811,2.52,93.6,277,0.1124,0.126,0.315,0.7,Low,0
DRV-1067,46,3,0.0465,2.27,9.74,1.42,0.0546,0.99,89.2,497,0.2361,0.1351,0.1238,0.6,Low,0
DRV-1068,50,3,0.075,3.51,3.27,2.08,0.0951,1.4,97.3,392,0.1663,0.1811,0.175,0.1,Low,0
DRV-1069,39,1,0.1095,3.3,3.57,2.23,0.0934,1.0,108.2,219,0.1701,0.241,0.125,0.0,Low,0
DRV-1070,30,9,0.143,6.37,5.45,3.75,0.1395,1.29,90.9,302,0.2932,0.1945,0.1612,13.3,Low,0
DRV-1071,34,0,0.1167,3.36,2.87,2.49,0.1152,2.05,91.6,327,0.1648,0.1827,0.2562,0.4,Low,0
DRV-1072,33,4,0.1494,6.38,4.9,5.21,0.2425,1.7,100.5,543,0.3135,0.234,0.2125,95.5,High,1
DRV-1073,48,2,0.1509,3.38,2.97,2.77,0.1485,1.85,114.0,456,0.1725,0.2855,0.2312,5.5,Low,0
DRV-1074,33,6,0.0,3.21,1.51,1.35,0.0643,0.28,92.5,462,0.1164,0.1219,0.035,0.0,Low,0
DRV-1075,30,5,0.0,2.36,2.62,3.13,0.1198,1.4,110.6,876,0.1535,0.1898,0.175,0.1,Low,0
DRV-1076,20,0,0.0,5.33,5.8,4.43,0.1361,1.76,133.6,113,0.2919,0.276,0.22,88.8,High,1
DRV-1077,30,1,0.0883,3.52,3.04,2.25,0.1399,0.93,96.1,172,0.1661,0.1839,0.1162,0.0,Low,0
DRV-1078,36,9,0.0,1.99,2.06,0.5,0.032,0.31,72.8,217,0.0841,0.048,0.0388,0.0,Low,0
DRV-1079,24,0,0.1044,4.47,2.49,3.24,0.1446,0.85,76.9,421,0.1957,0.1208,0.1062,0.5,Low,0
DRV-1080,18,11,0.0,5.44,3.66,2.91,0.1222,1.31,93.7,642,0.228,0.1264,0.1638,0.6,Low,0
DRV-1081,49,0,0.0955,10.1,4.43,3.65,0.1368,1.55,106.8,361,0.3488,0.228,0.1938,68.7,Moderate,0
DRV-1082,25,0,0.1851,7.58,5.64,3.65,0.2167,1.71,91.1,172,0.3186,0.2184,0.2138,93.5,High,1
DRV-1083,22,3,0.0594,4.83,3.67,3.87,0.1096,2.01,94.8,567,0.2352,0.1632,0.2512,0.9,Low,0
DRV-1084,56,8,0.0276,1.01,2.73,1.56,0.0267,0.89,79.7,355,0.0969,0.0891,0.1112,0.0,Low,0
DRV-1085,48,15,0.1131,5.55,5.51,4.03,0.1883,1.52,124.2,102,0.2834,0.303,0.19,94.0,High,1
DRV-1086,50,3,0.0169,3.68,1.36,0.91,0.0434,0.23,75.7,303,0.1145,0.0682,0.0288,0.0,Low,0
DRV-1087,44,8,0.0562,2.87,1.31,0.61,0.0483,0.26,86.2,494,0.0914,0.1292,0.0325,0.0,Low,0
DRV-1088,53,1,0.2345,6.61,5.36,6.52,0.2418,2.0,142.9,1109,0.3519,0.4399,0.25,99.1,High,1
DRV-1089,48,1,0.1469,5.75,4.24,3.95,0.1645,1.46,90.6,180,0.2647,0.1955,0.1825,60.7,Moderate,1
DRV-1090,33,10,0.0,0.87,1.45,1.6,0.0421,0.36,95.8,608,0.0736,0.1342,0.045,0.0,Low,0
DRV-1091,25,8,0.0276,2.97,1.87,2.96,0.07,0.93,97.2,198,0.1498,0.1547,0.1162,0.0,Low,0
DRV-1092,22,0,0.1702,5.02,4.11,3.74,0.1321,1.54,125.4,199,0.2437,0.3389,0.1925,24.5,Low,0
DRV-1093,36,17,0.0466,6.2,6.03,3.06,0.1247,1.17,116.2,199,0.2857,0.2364,0.1462,5.9,Low,0
DRV-1094,24,2,0.0883,5.78,3.24,2.81,0.0958,1.5,94.7,567,0.2258,0.1787,0.1875,0.1,Low,0
DRV-1095,28,8,0.0239,3.78,1.49,2.34,0.097,0.64,90.8,480,0.1472,0.1286,0.08,0.0,Low,0
DRV-1096,36,2,0.1313,6.67,4.1,3.47,0.1672,2.54,93.9,313,0.2711,0.1993,0.3175,62.2,Moderate,1
DRV-1097,54,1,0.0831,5.12,4.69,4.34,0.1491,1.89,106.6,303,0.2674,0.2205,0.2362,78.7,High,1
DRV-1098,19,10,0.1167,7.98,7.22,5.6,0.2009,2.29,132.4,404,0.3919,0.3357,0.2862,99.9,High,1
DRV-1099,38,16,0.0618,5.05,1.11,3.52,0.0793,1.22,90.6,527,0.1899,0.1487,0.1525,0.2,Low,0
DRV-1100,22,3,0.133,5.89,4.2,2.46,0.0698,1.33,106.6,343,0.237,0.2479,0.1662,2.9,Low,0
DRV-1101,31,1,0.0021,5.14,4.19,4.78,0.1053,2.13,124.1,178,0.2682,0.2415,0.2662,26.6,Low,0
DRV-1102,49,10,0.1271,4.49,3.57,3.4,0.1948,1.23,98.8,907,0.2173,0.2154,0.1538,1.7,Low,0
DRV-1103,27,7,0.1743,4.84,4.04,2.53,0.1133,1.33,118.7,495,0.2147,0.316,0.1662,1.0,Low,0
DRV-1104,34,0,0.0918,4.36,1.83,3.13,0.0969,0.7,96.0,811,0.1803,0.1855,0.0875,0.0,Low,0
DRV-1105,39,0,0.0604,4.9,4.04,2.03,0.0886,1.86,83.8,131,0.2059,0.1225,0.2325,1.2,Low,0
DRV-1106,46,4,0.0028,2.93,2.21,4.33,0.0703,0.63,91.8,251,0.182,0.1208,0.0788,0.1,Low,0
DRV-1107,31,3,0.2385,8.63,7.47,5.9,0.2146,2.6,134.8,192,0.4151,0.4117,0.325,100.0,High,1
DRV-1108,53,6,0.1141,3.68,4.23,6.71,0.0973,1.1,92.6,783,0.2783,0.185,0.1375,2.3,Low,0
DRV-1109,32,1,0.0458,3.45,1.39,2.08,0.0657,0.98,76.7,428,0.1338,0.0878,0.1225,0.0,Low,0
DRV-1110,43,0,0.0839,3.35,2.73,2.63,0.1664,2.69,88.8,309,0.1651,0.1541,0.3362,2.7,Low,0
DRV-1111,35,10,0.0,1.3,1.24,2.99,0.0645,0.39,80.3,389,0.1065,0.0761,0.0488,0.0,Low,0
DRV-1112,46,2,0.164,6.84,6.23,3.54,0.1696,1.76,101.3,285,0.3114,0.2451,0.22,97.9,High,1
DRV-1113,62,3,0.1381,4.87,3.41,3.04,0.111,1.63,119.9,197,0.215,0.3006,0.2037,3.4,Low,0
DRV-1114,34,5,0.1373,4.62,4.57,2.86,0.1137,1.28,79.2,444,0.2258,0.1475,0.16,0.0,Low,0
DRV-1115,37,3,0.0432,1.43,2.45,0.96,0.0784,0.86,89.7,241,0.0886,0.1351,0.1075,0.0,Low,0
DRV-1116,32,5,0.161,6.76,2.01,2.58,0.0769,0.73,100.1,408,0.2203,0.2389,0.0912,0.1,Low,0
DRV-1117,30,11,0.0323,2.59,3.48,1.66,0.1278,0.89,84.4,59,0.143,0.1093,0.1112,0.1,Low,0
DRV-1118,29,1,0.1128,1.44,3.97,2.15,0.0439,0.86,85.4,221,0.138,0.1573,0.1075,0.1,Low,0
DRV-1119,37,7,0.0355,3.1,2.36,2.71,0.0826,1.75,94.1,400,0.1555,0.1474,0.2188,0.0,Low,0
DRV-1120,28,13,0.0916,2.53,1.22,0.62,0.1086,1.09,84.8,185,0.0833,0.1434,0.1362,0.0,Low,0
DRV-1121,29,2,0.1761,5.11,2.98,5.04,0.1374,1.02,111.3,169,0.2527,0.2892,0.1275,4.8,Low,0
DRV-1122,18,15,0.1326,5.6,6.29,3.47,0.2161,1.52,121.2,387,0.2862,0.3024,0.19,78.4,High,1
DRV-1123,54,2,0.107,0.7,1.61,0.63,0.0945,0.39,74.5,752,0.0534,0.1132,0.0488,0.0,Low,0
DRV-1124,57,7,0.1291,4.24,3.14,3.82,0.0989,1.09,85.0,241,0.2135,0.1648,0.1362,0.1,Low,0
DRV-1125,45,2,0.0,2.87,1.66,0.67,0.0244,1.0,87.5,351,0.0985,0.1031,0.125,0.0,Low,0
DRV-1126,27,2,0.1355,6.67,5.04,4.34,0.1962,1.72,108.2,285,0.3042,0.2553,0.215,97.1,High,1
DRV-1127,22,5,0.0818,2.14,0.72,1.47,0.0591,0.7,76.8,109,0.0842,0.108,0.0875,0.0,Low,0
DRV-1128,19,0,0.1352,3.66,3.48,1.97,0.0748,1.42,100.9,770,0.1706,0.2277,0.1775,0.1,Low,0
DRV-1129,45,1,0.0812,5.99,4.43,3.73,0.1849,1.75,107.8,192,0.2682,0.2239,0.2188,86.0,High,1
DRV-1130,53,3,0.0884,3.44,3.29,2.28,0.1295,2.4,105.8,341,0.1692,0.2204,0.3,0.8,Low,0
DRV-1131,39,10,0.076,3.44,2.1,1.56,0.0768,1.04,124.7,288,0.135,0.2844,0.13,1.5,Low,0
DRV-1132,48,1,0.0,0.94,1.77,0.53,0.0236,1.17,93.4,148,0.0589,0.1253,0.1462,0.0,Low,0
DRV-1133,43,13,0.2215,7.21,2.61,2.87,0.1439,1.62,114.4,857,0.2451,0.3258,0.2025,15.2,Low,0
DRV-1134,28,3,0.1253,4.78,3.65,3.02,0.1992,1.6,111.6,587,0.2168,0.2624,0.2,1.2,Low,0
DRV-1135,50,8,0.2867,11.02,9.07,6.64,0.2775,3.05,147.3,250,0.5044,0.4851,0.3812,100.0,High,1
DRV-1136,49,3,0.2384,9.44,5.14,5.12,0.1781,1.77,124.5,456,0.3769,0.373,0.2212,98.9,High,1
DRV-1137,26,3,0.0473,5.19,2.52,2.2,0.0796,0.75,101.6,325,0.1898,0.182,0.0938,0.0,Low,0
DRV-1138,47,4,0.2532,8.01,10.0,5.37,0.2168,2.35,134.4,386,0.4343,0.4183,0.2938,99.9,High,1
DRV-1139,36,0,0.0,3.78,2.58,1.69,0.0583,0.95,96.1,231,0.1524,0.1354,0.1188,0.0,Low,0
DRV-1140,34,6,0.0774,4.09,3.46,2.48,0.1127,1.07,88.2,339,0.1891,0.1483,0.1338,0.0,Low,0
DRV-1141,42,3,0.2681,7.82,6.83,5.39,0.2337,2.08,109.3,267,0.378,0.3323,0.26,99.6,High,1
DRV-1142,42,1,0.1348,1.47,2.81,1.57,0.0544,0.61,94.8,321,0.1076,0.2046,0.0762,0.0,Low,0
DRV-1143,48,0,0.0118,2.62,2.78,3.23,0.1231,0.6,79.8,687,0.1633,0.0807,0.075,0.0,Low,0
DRV-1144,27,6,0.0706,4.56,5.86,3.93,0.187,1.4,116.6,1528,0.2675,0.2511,0.175,33.2,Low,0
DRV-1145,44,1,0.2274,7.89,6.99,4.76,0.2303,2.13,140.3,277,0.3695,0.4262,0.2662,99.8,High,1
DRV-1146,24,7,0.0737,3.84,3.52,3.58,0.1232,1.19,102.7,327,0.2071,0.2007,0.1488,0.0,Low,0
DRV-1147,35,3,0.1676,7.88,5.7,4.25,0.2116,2.14,136.5,285,0.3376,0.3791,0.2675,99.8,High,1
DRV-1148,36,1,0.2834,9.32,6.73,6.66,0.2162,2.58,135.9,397,0.4318,0.4405,0.3225,100.0,High,1
DRV-1149,49,3,0.1989,10.57,8.24,6.45,0.3208,3.21,133.2,338,0.4777,0.3839,0.4012,100.0,High,1
DRV-1150,38,0,0.0044,5.2,3.56,3.08,0.1126,1.63,108.8,2388,0.2249,0.1854,0.2037,1.2,Low,0
DRV-1151,34,1,0.0423,6.3,5.25,3.29,0.2147,1.48,97.6,109,0.2793,0.1643,0.185,26.1,Low,0
DRV-1152,55,5,0.1845,8.29,5.75,4.39,0.225,1.9,110.5,835,0.3494,0.2909,0.2375,97.5,High,1
DRV-1153,32,14,0.0,1.39,1.98,3.26,0.0318,0.77,66.7,387,0.126,0.0251,0.0962,0.0,Low,0
DRV-1154,32,0,0.0265,2.73,1.46,1.23,0.099,0.69,81.3,185,0.1035,0.0944,0.0862,0.0,Low,0
DRV-1155,18,0,0.0,5.46,2.2,2.14,0.0984,0.68,121.2,1521,0.1887,0.2295,0.085,0.8,Low,0
DRV-1156,35,17,0.2152,5.17,6.34,3.66,0.1202,1.72,88.8,217,0.2823,0.2264,0.215,31.5,Low,0
DRV-1157,26,5,0.1784,2.34,2.81,1.12,0.0631,0.7,77.0,327,0.116,0.1619,0.0875,0.0,Low,0
DRV-1158,34,12,0.1027,8.35,4.96,4.53,0.1659,1.74,108.3,128,0.3403,0.2376,0.2175,97.8,High,1
DRV-1159,40,9,0.0927,2.85,2.42,2.86,0.0946,2.2,88.6,407,0.1545,0.1582,0.275,0.0,Low,0
DRV-1160,24,2,0.0,1.8,2.87,5.59,0.1351,0.46,92.9,239,0.1956,0.1234,0.0575,0.4,Low,0
DRV-1161,28,10,0.0134,1.19,1.34,0.82,0.0291,0.68,80.0,568,0.0625,0.0824,0.085,0.0,Low,0
DRV-1162,18,0,0.2793,5.91,9.58,4.16,0.1531,2.53,116.7,1847,0.3611,0.3662,0.3162,96.7,High,1
DRV-1163,31,1,0.0348,2.63,2.41,1.73,0.06,0.81,84.2,302,0.1274,0.1099,0.1013,0.0,Low,0
DRV-1164,26,0,0.0707,3.73,6.26,4.24,0.1487,0.92,94.4,57,0.2637,0.1679,0.115,5.8,Low,0
DRV-1165,63,7,0.0,3.2,0.92,1.25,0.0526,0.41,83.4,461,0.1043,0.0878,0.0512,0.0,Low,0
DRV-1166,56,1,0.1366,7.66,4.01,1.73,0.0678,0.71,93.9,213,0.2546,0.2023,0.0888,1.4,Low,0
DRV-1167,54,17,0.0,3.09,0.94,1.76,0.0488,1.49,109.5,1077,0.1127,0.1856,0.1862,0.2,Low,0
DRV-1168,22,10,0.114,5.23,5.42,3.26,0.1651,2.44,111.8,258,0.2601,0.257,0.305,70.8,High,1
DRV-1169,35,6,0.0555,2.08,4.67,1.62,0.0587,0.6,90.8,209,0.1518,0.146,0.075,0.0,Low,0
DRV-1170,23,3,0.0788,8.76,4.12,3.63,0.1399,1.7,77.1,224,0.3165,0.1075,0.2125,31.5,Low,0
DRV-1171,60,3,0.0584,1.34,0.53,1.69,0.05,0.42,84.4,478,0.0694,0.1236,0.0525,0.0,Low,0
DRV-1172,47,6,0.219,6.27,4.93,4.92,0.1271,1.69,89.9,321,0.306,0.2326,0.2112,79.0,High,1
DRV-1173,25,0,0.0,7.22,2.45,3.04,0.1187,1.86,103.7,793,0.246,0.1639,0.2325,1.3,Low,0
DRV-1174,42,1,0.1617,4.25,2.74,2.13,0.1062,0.37,90.0,232,0.1733,0.2014,0.0462,0.0,Low,0
DRV-1175,20,12,0.1745,9.81,7.51,7.49,0.271,3.23,149.0,1076,0.4712,0.4297,0.4038,99.6,High,1
DRV-1176,36,7,0.1512,6.35,2.3,1.83,0.0752,1.14,89.3,194,0.2019,0.193,0.1425,0.0,Low,0
DRV-1177,35,5,0.0666,2.12,1.83,3.09,0.0818,1.42,93.5,110,0.1347,0.1623,0.1775,0.1,Low,0
DRV-1178,46,0,0.0022,1.25,1.65,1.51,0.0386,0.53,95.5,568,0.0827,0.1343,0.0662,0.0,Low,0
DRV-1179,49,3,0.0635,3.05,2.65,2.9,0.1186,0.91,89.0,299,0.1632,0.1437,0.1138,0.0,Low,0
DRV-1180,38,12,0.1445,5.3,4.32,4.08,0.204,1.78,120.8,365,0.2596,0.3075,0.2225,77.4,High,1
DRV-1181,35,1,0.0971,4.61,3.91,2.19,0.0896,2.44,106.1,152,0.2012,0.2263,0.305,2.4,Low,0
DRV-1182,18,8,0.1275,8.35,5.34,4.83,0.1941,2.34,120.1,206,0.3526,0.2955,0.2925,100.0,High,1
DRV-1183,56,15,0.1031,4.04,4.52,2.99,0.1314,3.45,125.7,409,0.2159,0.3031,0.4312,13.8,Low,0
DRV-1184,30,1,0.1362,7.79,5.47,4.25,0.1876,1.9,127.9,309,0.332,0.3295,0.2375,99.9,High,1
DRV-1185,39,2,0.0,2.28,0.92,1.35,0.0868,0.36,67.0,165,0.0879,0.0262,0.045,0.0,Low,0
DRV-1186,65,5,0.0175,3.01,2.25,2.4,0.0814,1.86,107.1,370,0.1457,0.1862,0.2325,0.1,Low,0
DRV-1187,23,3,0.0041,3.02,3.19,1.68,0.0709,0.79,88.8,799,0.1472,0.1103,0.0988,0.0,Low,0
DRV-1188,38,6,0.0245,2.49,1.85,1.95,0.0611,0.8,100.9,339,0.1196,0.1668,0.1,0.0,Low,0
DRV-1189,43,4,0.1239,5.91,2.92,2.43,0.1179,1.89,105.9,660,0.2155,0.2403,0.2362,0.6,Low,0
DRV-1190,51,3,0.0291,1.03,1.39,0.85,0.072,0.57,60.0,207,0.0608,0.016,0.0712,0.0,Low,0
DRV-1191,38,3,0.2639,6.72,5.59,4.2,0.2129,1.71,120.5,442,0.3116,0.372,0.2138,97.0,High,1
DRV-1192,52,1,0.0,0.52,1.09,1.03,0.1102,0.36,80.7,544,0.0492,0.0776,0.045,0.0,Low,0
DRV-1193,33,1,0.3235,12.85,13.06,7.43,0.2558,4.07,142.0,205,0.6233,0.4854,0.5088,99.7,High,1
DRV-1194,44,0,0.1137,4.37,4.26,5.12,0.1505,1.4,100.8,1184,0.2608,0.2155,0.175,12.9,Low,0
DRV-1195,42,2,0.2049,5.73,5.24,5.35,0.1617,2.18,125.1,548,0.3089,0.3568,0.2725,98.5,High,1
DRV-1196,36,8,0.1529,3.9,3.55,3.56,0.2162,1.37,94.1,196,0.2084,0.212,0.1713,1.3,Low,0
DRV-1197,41,0,0.0168,2.0,1.38,2.36,0.0484,0.27,99.5,316,0.1102,0.1574,0.0338,0.0,Low,0
DRV-1198,27,9,0.0618,3.82,2.01,1.29,0.103,0.63,73.5,195,0.1357,0.0846,0.0788,0.0,Low,0
DRV-1199,34,0,0.0332,3.55,4.21,3.59,0.124,1.32,101.3,172,0.213,0.1731,0.165,1.7,Low,0
DRV-1200,22,5,0.2065,5.85,5.11,4.48,0.1676,2.09,128.1,188,0.2918,0.369,0.2612,97.7,High,1
DRV-1201,32,0,0.0,3.93,3.4,1.62,0.0857,0.43,96.3,262,0.1677,0.1361,0.0538,0.0,Low,0
DRV-1202,51,4,0.1983,6.32,5.23,4.21,0.1308,2.42,116.9,152,0.2978,0.3224,0.3025,95.6,High,1
DRV-1203,43,7,0.2275,7.86,7.93,6.36,0.2131,2.74,129.8,732,0.4166,0.3869,0.3425,99.9,High,1
DRV-1204,41,8,0.041,3.51,3.88,2.23,0.0817,2.04,89.5,177,0.1795,0.1332,0.255,0.2,Low,0
DRV-1205,18,1,0.0,0.15,1.49,0.86,0.0224,0.16,66.1,216,0.045,0.0229,0.02,0.0,Low,0
DRV-1206,41,5,0.1617,11.3,5.5,4.59,0.1572,3.05,110.9,178,0.4095,0.2798,0.3812,99.3,High,1
DRV-1207,37,11,0.1355,3.5,1.65,4.96,0.0594,0.96,81.6,152,0.1967,0.1555,0.12,0.0,Low,0
DRV-1208,44,2,0.2459,1.93,6.12,1.44,0.1166,2.23,78.4,762,0.1694,0.2042,0.2788,6.2,Low,0
DRV-1209,54,4,0.2864,10.23,6.33,5.39,0.222,3.07,150.4,442,0.4179,0.4965,0.3838,99.9,High,1
DRV-1210,33,9,0.0,1.16,0.81,1.37,0.0212,0.58,64.6,572,0.0641,0.0172,0.0725,0.0,Low,0
DRV-1211,34,13,0.048,1.33,1.55,0.97,0.0376,0.68,95.8,1000,0.0718,0.1606,0.085,0.0,Low,0
DRV-1212,49,7,0.1005,2.58,2.89,1.58,0.0699,1.13,78.9,323,0.1314,0.1262,0.1412,0.0,Low,0
DRV-1213,30,8,0.2057,9.03,7.65,7.03,0.2631,2.71,127.4,835,0.4487,0.3659,0.3388,99.9,High,1
DRV-1214,39,0,0.0,1.27,4.64,1.31,0.1464,0.42,75.8,192,0.1289,0.0592,0.0525,0.3,Low,0
DRV-1215,18,4,0.1167,5.85,4.96,2.79,0.1128,1.81,94.2,187,0.2555,0.1924,0.2262,6.4,Low,0
DRV-1216,34,0,0.1207,2.87,4.04,2.6,0.0676,1.57,107.6,617,0.1767,0.2449,0.1962,0.4,Low,0
DRV-1217,53,4,0.0061,4.11,3.12,3.82,0.1013,1.41,110.6,448,0.2106,0.1931,0.1762,0.5,Low,0
DRV-1218,42,1,0.0162,4.1,1.82,1.49,0.0664,0.95,90.8,430,0.1421,0.1244,0.1188,0.0,Low,0
DRV-1219,48,5,0.0795,2.12,2.47,1.1,0.0405,0.49,122.8,575,0.1056,0.2792,0.0612,0.3,Low,0
DRV-1220,49,10,0.1125,5.21,3.36,3.2,0.1341,1.24,104.9,298,0.2242,0.2303,0.155,1.1,Low,0
DRV-1221,54,1,0.1246,5.34,1.5,0.93,0.0475,0.55,89.8,556,0.1504,0.1803,0.0688,0.0,Low,0
DRV-1222,33,6,0.0717,7.07,7.0,4.77,0.1597,1.6,107.5,967,0.3535,0.2176,0.2,90.6,High,1
DRV-1223,49,0,0.1778,1.57,1.08,2.17,0.0514,1.17,78.7,405,0.0928,0.1679,0.1462,0.0,Low,0
DRV-1224,64,0,0.1545,8.84,9.07,6.51,0.328,2.86,130.0,553,0.4582,0.3475,0.3575,99.7,High,1
DRV-1225,37,1,0.0,5.44,3.74,3.47,0.1318,1.27,116.5,155,0.2405,0.2119,0.1588,1.8,Low,0
DRV-1226,22,0,0.1603,5.86,5.42,3.76,0.18,1.8,124.3,3000,0.2827,0.3293,0.225,94.1,High,1
DRV-1227,30,4,0.0333,5.4,4.83,4.7,0.1442,1.27,118.7,139,0.2825,0.2384,0.1588,14.8,Low,0
DRV-1228,43,1,0.0691,10.14,3.68,1.81,0.1063,1.06,87.7,190,0.3003,0.1419,0.1325,1.1,Low,0
DRV-1229,18,5,0.0517,2.52,5.94,2.15,0.1705,1.25,99.9,234,0.1924,0.1781,0.1562,0.6,Low,0
DRV-1230,28,0,0.1008,4.8,7.79,6.97,0.1351,1.72,109.4,1223,0.3652,0.2407,0.215,41.8,Moderate,0
DRV-1231,34,8,0.0235,4.94,2.74,2.19,0.0799,0.81,102.1,184,0.1883,0.1708,0.1013,0.4,Low,0
DRV-1232,39,11,0.1953,5.97,5.17,4.29,0.1652,1.75,108.4,450,0.2914,0.2889,0.2188,94.0,High,1
DRV-1233,59,3,0.1379,8.27,4.79,4.89,0.1963,1.77,103.4,282,0.343,0.2386,0.2212,98.3,High,1
DRV-1234,46,18,0.2157,6.95,5.7,3.7,0.1397,1.96,120.6,185,0.308,0.3459,0.245,96.8,High,1
DRV-1235,24,4,0.1415,5.6,4.91,3.96,0.1311,2.32,125.3,648,0.273,0.3227,0.29,90.3,High,1
DRV-1236,75,5,0.0695,5.56,4.29,3.24,0.1207,1.37,101.7,256,0.2475,0.1946,0.1713,2.5,Low,0
DRV-1237,37,0,0.0,3.59,3.34,3.34,0.1296,0.78,103.5,540,0.1943,0.1631,0.0975,0.5,Low,0
DRV-1238,18,10,0.0397,2.33,2.89,2.17,0.0822,1.68,105.8,623,0.1382,0.1936,0.21,0.0,Low,0
DRV-1239,25,5,0.0,10.39,2.28,1.85,0.0972,0.92,88.4,1600,0.2828,0.1065,0.115,1.0,Low,0
DRV-1240,25,2,0.0477,6.63,5.18,10.66,0.1142,1.48,92.2,123,0.4321,0.147,0.185,22.9,Low,0
DRV-1241,21,7,0.0574,3.15,1.61,1.49,0.0246,0.76,70.1,285,0.1196,0.0694,0.095,0.0,Low,0
DRV-1242,44,0,0.0227,5.41,4.02,3.14,0.1202,2.41,101.4,400,0.238,0.1677,0.3012,4.4,Low,0
DRV-1243,18,0,0.1047,2.68,1.0,1.76,0.0595,0.21,79.2,313,0.1055,0.1296,0.0262,0.0,Low,0
DRV-1244,49,1,0.1346,6.58,5.16,5.57,0.1604,2.2,108.1,2151,0.329,0.2544,0.275,87.3,High,0
DRV-1245,47,3,0.0942,3.59,2.89,3.36,0.0866,1.08,101.9,371,0.1872,0.2089,0.135,0.1,Low,0
DRV-1246,32,5,0.0,1.95,2.99,1.95,0.0784,1.98,86.3,72,0.1278,0.0986,0.2475,1.0,Low,0
DRV-1247,48,5,0.0751,1.53,1.25,1.1,0.0828,0.3,94.8,365,0.0734,0.1718,0.0375,0.0,Low,0
DRV-1248,24,0,0.0188,1.73,0.66,0.75,0.1245,0.38,75.2,322,0.0606,0.0673,0.0475,0.4,Low,0
DRV-1249,27,0,0.0349,4.6,5.86,3.54,0.0913,1.77,112.6,228,0.2605,0.2164,0.2212,8.8,Low,0
DRV-1250,44,10,0.11,3.61,3.98,2.54,0.0909,0.99,113.7,299,0.1893,0.2619,0.1238,0.2,Low,0
DRV-1251,35,1,0.0,4.02,0.99,0.78,0.0513,1.64,98.2,149,0.1125,0.1433,0.205,0.1,Low,0
DRV-1252,30,11,0.0,1.38,0.31,0.49,0.0405,0.17,73.3,1202,0.0426,0.0499,0.0213,0.0,Low,0
DRV-1253,36,16,0.0812,6.47,5.15,3.52,0.2341,1.54,112.5,557,0.2856,0.2415,0.1925,86.4,High,1
DRV-1254,53,3,0.0955,5.27,2.18,2.82,0.071,1.46,105.7,337,0.1981,0.2239,0.1825,0.4,Low,0
DRV-1255,53,2,0.1016,5.11,3.31,2.65,0.1666,1.54,100.9,1120,0.2104,0.2093,0.1925,4.2,Low,0
DRV-1256,43,4,0.2803,7.68,6.87,5.72,0.2164,2.81,121.3,225,0.3825,0.384,0.3512,100.0,High,1
DRV-1257,33,1,0.0163,3.65,4.09,1.73,0.1071,0.91,87.5,685,0.1758,0.1121,0.1138,0.0,Low,0
DRV-1258,44,2,0.1845,5.73,4.72,6.45,0.155,1.51,106.0,225,0.3223,0.274,0.1888,88.8,High,1
DRV-1259,27,3,0.0598,5.3,2.85,2.8,0.2244,1.43,81.3,464,0.2095,0.1128,0.1788,1.4,Low,0
DRV-1260,52,1,0.0,3.24,2.78,2.28,0.0673,2.47,126.2,208,0.1567,0.2482,0.3088,2.9,Low,0
DRV-1261,49,1,0.1937,8.59,5.06,5.69,0.1492,2.46,95.6,480,0.3699,0.24,0.3075,95.2,High,1
DRV-1262,61,4,0.0554,2.5,2.66,1.37,0.0899,0.8,81.8,1593,0.1217,0.1122,0.1,0.0,Low,0
DRV-1263,28,1,0.1079,6.25,4.94,7.25,0.1545,1.6,120.4,278,0.3523,0.2858,0.2,98.4,High,1
DRV-1264,26,0,0.0838,4.24,3.16,2.19,0.0877,1.31,90.4,110,0.1813,0.1601,0.1638,0.0,Low,0
DRV-1265,44,1,0.0246,4.55,1.12,2.99,0.044,0.39,83.2,319,0.1695,0.1005,0.0488,0.0,Low,0
DRV-1266,34,0,0.1665,7.27,5.86,4.68,0.2031,2.66,124.9,351,0.3367,0.335,0.3325,99.9,High,1
DRV-1267,49,1,0.1434,7.47,4.96,4.32,0.2361,1.74,130.8,621,0.3185,0.3444,0.2175,97.4,High,1
DRV-1268,53,7,0.0013,3.89,3.0,2.97,0.0783,1.3,94.9,955,0.1872,0.1316,0.1625,0.0,Low,0
DRV-1269,58,6,0.0592,2.75,5.52,3.7,0.06,1.0,103.6,1067,0.221,0.1961,0.125,0.9,Low,0
DRV-1270,38,0,0.0984,5.29,4.47,4.61,0.1714,2.99,93.1,365,0.2725,0.1782,0.3738,77.8,High,1
DRV-1271,48,4,0.0896,5.78,6.2,3.77,0.1833,2.01,107.2,221,0.2943,0.2263,0.2512,93.0,High,1
DRV-1272,31,2,0.0588,3.21,2.42,1.9,0.1378,0.96,102.7,227,0.1425,0.1925,0.12,0.1,Low,0
DRV-1273,40,1,0.1925,8.91,5.39,3.86,0.138,2.35,137.6,214,0.3452,0.3969,0.2938,97.9,High,1
DRV-1274,37,0,0.0539,2.66,1.95,2.13,0.0807,0.7,78.2,394,0.1283,0.0979,0.0875,0.0,Low,0
DRV-1275,36,6,0.05,3.66,4.98,2.56,0.0995,1.09,85.0,146,0.2074,0.1212,0.1362,0.1,Low,0
DRV-1276,59,3,0.0694,3.93,3.35,3.54,0.1233,1.41,107.8,292,0.2052,0.2174,0.1762,0.9,Low,0
DRV-1277,21,6,0.0738,2.33,4.57,2.9,0.104,0.39,88.8,645,0.1808,0.1486,0.0488,0.0,Low,0
DRV-1278,37,12,0.0,2.01,1.66,1.15,0.0749,0.85,81.8,257,0.0909,0.0817,0.1062,0.0,Low,0
DRV-1279,38,1,0.1046,3.82,3.42,1.99,0.0531,1.3,78.4,390,0.1732,0.1265,0.1625,0.0,Low,0
DRV-1280,45,2,0.0122,5.03,4.61,3.96,0.1833,1.49,102.3,141,0.2566,0.1653,0.1862,33.6,Low,0
DRV-1281,24,0,0.0943,9.8,5.51,4.44,0.1588,1.98,127.2,352,0.3766,0.3039,0.2475,99.0,High,1
DRV-1282,34,1,0.1486,6.38,6.77,8.26,0.1739,1.83,117.0,300,0.4056,0.2955,0.2288,99.1,High,1
DRV-1283,30,1,0.2852,7.47,12.52,4.66,0.2048,1.71,129.5,89,0.4513,0.4175,0.2138,97.5,High,1
DRV-1284,18,25,0.1521,4.02,2.42,1.49,0.0729,0.57,90.1,525,0.1505,0.1965,0.0712,0.0,Low,0
DRV-1285,51,0,0.267,7.87,8.34,5.33,0.1996,2.6,138.6,152,0.403,0.4416,0.325,99.9,High,1
DRV-1286,20,0,0.0263,0.97,0.41,3.56,0.0286,1.08,84.5,439,0.0974,0.1063,0.135,0.0,Low,0
DRV-1287,18,0,0.0369,6.25,5.26,4.62,0.1734,1.59,109.1,174,0.3051,0.2044,0.1988,88.0,High,1
DRV-1288,49,3,0.1327,4.32,5.77,3.3,0.1133,1.67,118.2,456,0.2486,0.2912,0.2088,18.9,Low,0
DRV-1289,33,0,0.0,0.55,5.4,0.81,0.0645,0.23,68.9,321,0.1172,0.0334,0.0288,0.0,Low,0
DRV-1290,34,1,0.0204,2.57,2.26,1.63,0.1128,0.79,89.2,637,0.1217,0.1207,0.0988,0.0,Low,0
DRV-1291,34,2,0.1076,3.42,4.29,3.88,0.1077,2.61,97.5,166,0.2175,0.1998,0.3262,5.3,Low,0
DRV-1292,50,5,0.0,1.27,1.02,1.21,0.0554,0.51,90.3,463,0.0666,0.1136,0.0638,0.0,Low,0
DRV-1293,31,1,0.1388,8.02,2.5,3.44,0.1431,1.5,107.4,486,0.2709,0.2541,0.1875,20.3,Low,0
DRV-1294,45,14,0.0,2.21,1.35,1.16,0.1036,1.24,77.0,914,0.0899,0.0638,0.155,0.0,Low,0
DRV-1295,24,0,0.1036,4.79,5.54,2.88,0.127,1.21,91.2,573,0.2457,0.174,0.1512,1.0,Low,0
DRV-1296,41,0,0.056,3.88,3.44,2.93,0.1594,1.77,105.8,243,0.1935,0.2025,0.2212,0.5,Low,0
DRV-1297,48,0,0.0,2.18,0.7,0.38,0.0395,0.5,65.0,425,0.0629,0.0188,0.0625,0.1,Low,0
DRV-1298,54,3,0.1004,3.53,3.29,1.99,0.0705,0.83,110.9,253,0.1652,0.2461,0.1038,0.0,Low,0
DRV-1299,19,0,0.065,13.61,4.57,3.26,0.1235,1.56,107.5,79,0.4136,0.2139,0.195,20.4,Low,0
DRV-1300,34,2,0.0152,1.14,0.57,0.84,0.0425,0.78,67.2,147,0.0491,0.0354,0.0975,0.0,Low,0
DRV-1301,57,1,0.1066,7.09,3.43,4.48,0.196,1.69,93.0,363,0.2886,0.1824,0.2112,27.4,Low,0
DRV-1302,49,5,0.0942,5.01,4.3,3.49,0.2319,1.37,114.4,382,0.2417,0.2558,0.1713,9.0,Low,0
DRV-1303,35,2,0.1855,9.55,6.92,5.0,0.2189,2.16,132.3,220,0.4063,0.3732,0.27,99.9,High,1
DRV-1304,38,2,0.103,4.87,3.8,3.08,0.1092,1.49,96.4,503,0.2223,0.1932,0.1862,0.0,Low,0
DRV-1305,41,3,0.0,1.38,1.06,0.75,0.0314,0.56,86.1,225,0.0603,0.0979,0.07,0.0,Low,0
DRV-1306,33,16,0.102,4.8,3.04,2.63,0.1374,1.02,89.7,165,0.1993,0.1675,0.1275,0.0,Low,0
DRV-1307,44,8,0.0913,4.03,3.17,2.66,0.1141,1.26,101.6,230,0.1866,0.2062,0.1575,0.0,Low,0
DRV-1308,43,6,0.1158,5.59,4.52,5.45,0.1499,1.67,132.6,251,0.2961,0.3359,0.2088,92.4,High,1
DRV-1309,24,7,0.2856,13.11,5.89,5.5,0.1823,2.46,149.0,318,0.4704,0.4908,0.3075,100.0,High,1
DRV-1310,32,1,0.1229,4.12,2.94,2.24,0.132,1.39,99.8,245,0.1762,0.2168,0.1737,0.0,Low,0
DRV-1311,32,7,0.0509,4.19,3.96,1.98,0.0967,3.21,102.1,118,0.1894,0.1859,0.4012,3.1,Low,0
DRV-1312,34,3,0.1062,3.86,3.07,2.44,0.095,2.21,107.0,53,0.1772,0.2347,0.2762,1.3,Low,0
DRV-1313,41,8,0.0068,5.37,2.1,1.74,0.0733,1.14,75.0,336,0.1772,0.06,0.1425,0.0,Low,0
DRV-1314,40,1,0.0828,4.23,4.91,2.72,0.122,1.85,91.1,159,0.2208,0.1622,0.2312,1.6,Low,0
DRV-1315,29,9,0.0077,3.97,1.15,0.82,0.0553,0.58,60.0,79,0.115,0.0042,0.0725,0.1,Low,0
DRV-1316,54,2,0.0706,10.03,4.61,5.31,0.1803,3.15,118.6,359,0.3836,0.2586,0.3938,98.1,High,1
DRV-1317,38,1,0.1448,6.35,3.65,3.15,0.1295,1.42,131.1,1164,0.2508,0.3463,0.1775,13.4,Low,0
DRV-1318,55,2,0.0709,5.52,3.52,2.85,0.0898,1.93,115.9,311,0.2261,0.2486,0.2412,1.0,Low,0
DRV-1319,55,5,0.0126,3.78,2.12,0.8,0.037,0.87,88.3,425,0.1269,0.1131,0.1088,0.0,Low,0
DRV-1320,25,1,0.0,1.19,1.11,1.9,0.0314,0.39,85.3,466,0.0803,0.0949,0.0488,0.0,Low,0
DRV-1321,32,1,0.3468,8.48,4.97,5.12,0.1863,2.0,114.5,82,0.3548,0.3951,0.25,99.7,High,1
DRV-1322,32,10,0.175,8.2,6.33,5.17,0.326,2.43,141.8,617,0.3729,0.403,0.3038,99.8,High,1
DRV-1323,41,2,0.0,5.15,7.86,4.59,0.1389,1.19,109.0,554,0.3258,0.1838,0.1488,14.9,Low,0
DRV-1324,46,21,0.1391,8.96,7.09,5.41,0.252,3.04,134.5,842,0.4056,0.3559,0.38,98.8,High,1
DRV-1325,39,1,0.2032,8.88,7.25,4.93,0.158,1.67,102.8,291,0.397,0.2723,0.2088,96.0,High,1
DRV-1326,31,0,0.1208,2.01,1.44,3.01,0.0495,1.24,96.5,216,0.1244,0.2033,0.155,0.0,Low,0
DRV-1327,57,1,0.061,4.21,7.9,4.04,0.0928,2.61,101.5,669,0.2967,0.1892,0.3262,14.3,Low,0
DRV-1328,32,3,0.1458,5.81,2.56,3.3,0.0787,1.09,100.6,532,0.2249,0.2324,0.1362,0.2,Low,0
DRV-1329,46,4,0.1648,4.49,4.47,6.71,0.1871,2.68,119.5,611,0.2985,0.3138,0.335,52.4,Moderate,0
DRV-1330,37,0,0.0801,4.71,2.71,2.84,0.1128,1.16,81.3,312,0.1962,0.1239,0.145,0.0,Low,0
DRV-1331,37,6,0.1143,5.24,4.37,3.4,0.1459,2.16,106.2,445,0.2456,0.2361,0.27,37.9,Low,0
DRV-1332,46,0,0.1512,6.11,4.74,3.48,0.1697,1.5,106.8,219,0.2708,0.2587,0.1875,82.9,High,1
DRV-1333,56,8,0.1041,2.37,6.11,1.22,0.0477,0.7,85.4,295,0.1736,0.1525,0.0875,0.2,Low,0
DRV-1334,41,1,0.1094,4.92,4.84,2.48,0.0868,0.88,86.2,254,0.2287,0.1584,0.11,0.3,Low,0
DRV-1335,32,0,0.0645,3.78,3.88,2.41,0.1179,1.09,95.3,1476,0.1885,0.1678,0.1362,0.0,Low,0
DRV-1336,55,2,0.1193,6.85,6.04,4.02,0.1497,1.47,96.5,503,0.3181,0.2025,0.1838,63.6,Moderate,0
DRV-1337,43,2,0.295,6.42,5.09,4.89,0.1705,1.96,130.2,95,0.311,0.4255,0.245,99.8,High,1
DRV-1338,40,25,0.0493,2.82,5.24,2.21,0.1185,1.86,92.4,476,0.1879,0.1486,0.2325,1.1,Low,0
DRV-1339,50,1,0.0965,2.28,2.33,1.28,0.0611,0.61,93.8,349,0.11,0.1798,0.0762,0.0,Low,0
DRV-1340,41,0,0.0731,3.02,3.61,2.72,0.048,0.97,66.2,285,0.175,0.0635,0.1212,0.0,Low,0
DRV-1341,67,10,0.1831,10.35,5.65,4.19,0.1889,3.35,141.5,110,0.385,0.4063,0.4188,99.7,High,1
DRV-1342,38,1,0.1346,5.9,7.06,7.35,0.1421,3.04,104.4,562,0.3827,0.2405,0.38,84.8,High,0
DRV-1343,51,15,0.0974,4.56,3.04,2.16,0.1229,1.96,110.9,175,0.1851,0.2444,0.245,0.9,Low,0
DRV-1344,43,16,0.1334,3.68,5.8,2.09,0.1646,2.55,109.6,441,0.2121,0.2594,0.3188,5.9,Low,0
DRV-1345,43,2,0.0279,2.8,1.98,0.32,0.0162,0.2,80.0,114,0.0954,0.0903,0.025,0.0,Low,0
DRV-1346,33,1,0.0,1.06,1.66,0.72,0.0673,1.51,108.9,275,0.0633,0.1834,0.1888,0.0,Low,0
DRV-1347,33,5,0.0489,2.39,2.36,0.73,0.1071,0.52,92.7,730,0.1017,0.1495,0.065,0.0,Low,0
DRV-1348,43,7,0.1529,7.72,6.24,3.83,0.1499,2.02,113.1,529,0.335,0.2832,0.2525,98.7,High,1
DRV-1349,27,2,0.1222,4.83,5.69,3.5,0.2043,2.35,107.5,402,0.2614,0.2453,0.2938,47.5,Moderate,1
DRV-1350,31,7,0.2083,2.47,4.38,3.0,0.0583,0.69,103.2,323,0.1824,0.2766,0.0862,1.4,Low,0
DRV-1351,38,6,0.0,2.64,4.0,1.33,0.0544,1.73,86.3,347,0.1461,0.0986,0.2162,0.4,Low,0
DRV-1352,52,3,0.0882,2.72,3.93,1.58,0.0402,0.55,82.5,235,0.1515,0.1329,0.0688,0.0,Low,0
DRV-1353,38,1,0.0,1.85,1.29,2.22,0.0412,1.23,79.5,146,0.1029,0.0731,0.1538,0.0,Low,0
DRV-1354,38,1,0.0556,4.33,5.43,1.17,0.0699,0.83,81.8,625,0.2005,0.1123,0.1038,0.0,Low,0
DRV-1355,25,2,0.2584,5.43,3.77,2.44,0.1313,1.21,95.5,988,0.2202,0.2752,0.1512,4.3,Low,0
DRV-1356,58,5,0.0303,5.61,2.8,3.27,0.0814,1.19,121.4,756,0.2243,0.2469,0.1488,0.8,Low,0
DRV-1357,51,7,0.0,1.11,0.47,0.69,0.0546,1.15,93.8,306,0.0438,0.1267,0.1438,0.0,Low,0
DRV-1358,52,5,0.0359,3.42,1.79,1.74,0.0456,1.12,91.3,167,0.133,0.1371,0.14,0.0,Low,0
DRV-1359,20,11,0.0626,4.3,3.5,3.81,0.1022,1.18,99.4,668,0.2205,0.1822,0.1475,0.0,Low,0
DRV-1360,42,11,0.1546,11.66,3.46,2.45,0.1197,1.17,96.6,527,0.3399,0.2223,0.1462,1.9,Low,0
DRV-1361,26,0,0.0184,2.16,4.23,1.69,0.0939,0.73,87.1,727,0.1475,0.1117,0.0912,0.3,Low,0
DRV-1362,47,0,0.158,5.18,3.62,5.16,0.1077,1.95,128.6,612,0.2671,0.3441,0.2438,15.7,Low,0
DRV-1363,41,1,0.0,4.87,2.74,1.67,0.0948,0.57,96.2,1107,0.1765,0.1358,0.0712,0.0,Low,0
DRV-1364,44,5,0.0316,6.01,4.94,5.47,0.1297,1.44,121.0,185,0.3119,0.2461,0.18,82.5,High,1
DRV-1365,29,13,0.0985,4.55,3.3,3.19,0.133,1.59,108.1,197,0.2098,0.2346,0.1988,1.3,Low,0
DRV-1366,25,7,0.0,4.25,2.31,1.67,0.1023,1.04,83.7,395,0.1569,0.0889,0.13,0.0,Low,0
DRV-1367,30,6,0.3333,8.57,8.36,11.09,0.2328,2.64,136.6,199,0.5325,0.4706,0.33,99.9,High,1
DRV-1368,41,12,0.0,2.83,4.15,2.87,0.1092,0.83,84.5,196,0.1832,0.0919,0.1038,0.7,Low,0
DRV-1369,35,0,0.0984,6.32,5.53,8.65,0.1401,1.65,131.1,650,0.3916,0.3207,0.2062,96.4,High,1
DRV-1370,41,1,0.1762,8.03,5.35,4.89,0.1321,1.85,105.6,135,0.3476,0.2679,0.2312,95.4,High,1
DRV-1371,25,10,0.0,2.86,3.51,0.69,0.0291,0.88,79.7,278,0.1295,0.0739,0.11,0.0,Low,0
DRV-1372,37,1,0.0,3.03,3.78,1.53,0.0604,1.05,101.6,124,0.1542,0.156,0.1312,0.0,Low,0
DRV-1373,54,16,0.3099,6.79,5.63,4.63,0.2358,2.33,114.5,342,0.3222,0.3748,0.2912,99.9,High,1
DRV-1374,41,5,0.0,3.18,2.18,2.13,0.0761,0.97,91.0,468,0.1425,0.1163,0.1212,0.0,Low,0
DRV-1375,42,6,0.0961,4.91,4.35,3.63,0.1394,1.65,73.0,851,0.2433,0.1016,0.2062,11.3,Low,0
DRV-1376,42,12,0.0323,2.46,2.16,2.33,0.0625,1.49,86.4,739,0.1318,0.1168,0.1862,0.0,Low,0
DRV-1377,31,7,0.1643,4.77,4.74,3.38,0.1053,1.53,114.9,282,0.242,0.2962,0.1912,11.7,Low,0
DRV-1378,57,6,0.0743,2.21,2.19,3.29,0.0528,0.79,83.1,545,0.1465,0.1275,0.0988,0.0,Low,0
DRV-1379,42,12,0.0973,5.09,5.44,3.8,0.1594,1.77,120.3,426,0.2685,0.2796,0.2212,89.3,High,1
DRV-1380,40,1,0.0941,4.57,4.14,2.81,0.1552,1.57,105.8,341,0.2166,0.2235,0.1962,1.9,Low,0
DRV-1381,46,11,0.1105,5.94,3.95,6.86,0.132,1.66,121.4,414,0.3218,0.291,0.2075,37.5,Low,0
DRV-1382,49,0,0.2162,6.22,8.01,4.58,0.1605,2.83,110.3,727,0.3495,0.3075,0.3538,98.0,High,1
DRV-1383,23,1,0.0367,3.84,3.17,3.09,0.0945,1.31,101.5,156,0.1914,0.1758,0.1638,0.0,Low,0
DRV-1384,38,3,0.1884,3.51,2.53,1.57,0.1006,0.86,77.7,218,0.1438,0.17,0.1075,0.1,Low,0
DRV-1385,64,4,0.0,3.32,1.82,2.18,0.0356,0.92,85.1,347,0.1403,0.0941,0.115,0.0,Low,0
DRV-1386,57,6,0.1464,5.11,6.71,4.12,0.1377,3.64,108.5,190,0.2964,0.2624,0.455,85.2,High,1
DRV-1387,36,6,0.1019,6.16,5.75,4.33,0.1856,2.03,130.7,94,0.3056,0.3212,0.2537,99.4,High,1
DRV-1388,46,3,0.1414,8.77,6.29,10.6,0.2355,2.94,122.6,217,0.4922,0.3125,0.3675,99.9,High,1
DRV-1389,34,10,0.0833,8.32,6.24,4.01,0.1345,4.3,106.0,895,0.3506,0.2183,0.5375,73.2,High,0
DRV-1390,42,0,0.0,2.43,2.67,1.28,0.0351,1.69,79.5,796,0.1187,0.0731,0.2112,0.0,Low,0
DRV-1391,32,11,0.1762,7.99,6.57,6.37,0.1847,2.22,126.3,399,0.3967,0.3455,0.2775,100.0,High,1
DRV-1392,32,0,0.0,8.97,2.56,4.0,0.0846,1.28,117.1,366,0.3021,0.2141,0.16,2.4,Low,0
DRV-1393,30,1,0.1037,5.44,2.29,1.55,0.0684,0.98,60.0,1381,0.178,0.057,0.1225,0.0,Low,0
DRV-1394,58,11,0.0734,4.93,6.56,7.3,0.1207,2.35,106.9,393,0.3539,0.2162,0.2938,26.1,Low,0
DRV-1395,32,2,0.0022,6.29,1.77,5.43,0.0524,2.19,106.8,323,0.2639,0.1767,0.2738,11.2,Low,0
DRV-1396,51,4,0.1034,6.4,4.99,5.57,0.1429,1.41,102.8,266,0.3226,0.2174,0.1762,63.6,Moderate,0
DRV-1397,32,0,0.125,2.83,2.8,1.64,0.0816,1.39,101.3,114,0.1361,0.2236,0.1737,0.2,Low,0
DRV-1398,31,15,0.1866,6.22,6.12,4.66,0.2111,1.79,133.8,703,0.3196,0.3794,0.2238,98.9,High,1
DRV-1399,42,1,0.1304,5.02,5.19,3.75,0.1195,1.97,107.9,397,0.2619,0.2513,0.2462,48.5,Moderate,1
DRV-1400,22,1,0.0,2.02,3.27,1.1,0.0487,2.36,80.1,424,0.1169,0.0754,0.295,0.0,Low,0
DRV-1401,45,1,0.0785,5.28,4.28,3.62,0.1641,2.73,124.8,440,0.2493,0.2862,0.3412,86.2,High,1
DRV-1402,36,14,0.0004,7.27,4.47,1.86,0.0963,1.49,103.6,625,0.2571,0.1637,0.1862,1.8,Low,0
DRV-1403,31,0,0.3125,8.47,7.27,5.89,0.234,2.7,132.7,217,0.4084,0.4445,0.3375,100.0,High,1
DRV-1404,28,2,0.1023,6.24,4.23,2.1,0.0721,1.75,103.4,529,0.2373,0.219,0.2188,4.9,Low,0
DRV-1405,61,14,0.0721,5.84,4.1,3.27,0.1199,1.65,119.8,787,0.2505,0.2639,0.2062,10.8,Low,0
DRV-1406,37,1,0.0533,6.67,3.94,9.31,0.1358,1.63,99.3,134,0.3853,0.1767,0.2037,35.2,Low,0
DRV-1407,37,10,0.0,1.5,1.43,1.44,0.0727,0.72,92.7,253,0.0826,0.1226,0.09,0.0,Low,0
DRV-1408,48,0,0.029,4.01,5.64,3.16,0.1211,1.22,105.0,607,0.2374,0.1847,0.1525,0.4,Low,0
DRV-1409,27,1,0.1633,5.02,5.41,4.06,0.184,1.63,105.5,791,0.2718,0.2604,0.2037,58.5,Moderate,0
DRV-1410,51,1,0.056,8.75,2.11,2.05,0.0808,1.42,111.0,682,0.2512,0.222,0.1775,1.9,Low,0
DRV-1411,37,10,0.1711,4.77,1.41,3.65,0.0758,1.75,78.2,207,0.1919,0.1624,0.2188,1.4,Low,0
DRV-1412,21,5,0.2066,5.0,4.12,3.04,0.1224,3.53,108.5,120,0.2295,0.2955,0.4412,14.7,Low,0
DRV-1413,31,9,0.1316,6.61,2.54,1.95,0.1042,1.36,101.3,554,0.2135,0.2273,0.17,0.0,Low,0
DRV-1414,24,4,0.1763,6.7,4.41,4.24,0.1918,2.09,98.4,293,0.2923,0.241,0.2612,83.3,High,0
DRV-1415,38,4,0.0949,5.56,3.63,5.14,0.141,1.51,118.0,274,0.2745,0.2697,0.1888,22.6,Low,0
DRV-1416,28,5,0.1335,6.23,4.02,2.6,0.0914,1.22,104.6,374,0.2436,0.2407,0.1525,1.2,Low,0
DRV-1417,27,3,0.1296,6.48,5.32,4.52,0.175,1.73,130.3,782,0.3087,0.3349,0.2162,97.1,High,1
DRV-1418,41,10,0.3015,9.74,8.07,7.26,0.1826,3.82,133.9,1313,0.4745,0.443,0.4775,98.8,High,1
DRV-1419,38,6,0.1391,5.56,3.72,2.65,0.1445,2.28,104.3,579,0.2262,0.2426,0.285,5.1,Low,0
DRV-1420,52,8,0.0734,2.08,2.76,4.18,0.0694,2.0,96.0,430,0.1712,0.1754,0.25,1.3,Low,0
DRV-1421,51,0,0.1769,6.59,7.75,3.93,0.1771,1.88,121.9,153,0.3396,0.3294,0.235,99.0,High,1
DRV-1422,38,0,0.2436,6.07,6.75,3.32,0.1236,1.43,136.1,614,0.3003,0.4194,0.1788,55.0,Moderate,1
DRV-1423,43,4,0.0358,5.83,3.63,6.24,0.1534,1.64,108.9,1117,0.3019,0.2031,0.205,24.3,Low,0
DRV-1424,21,8,0.1266,0.86,2.55,0.61,0.0628,0.27,82.1,961,0.0719,0.1525,0.0338,0.0,Low,0
DRV-1425,46,1,0.13,6.93,4.27,4.68,0.1713,2.03,109.9,354,0.3034,0.2586,0.2537,91.1,High,1
DRV-1426,42,0,0.0,4.2,2.52,5.38,0.09,0.96,100.7,184,0.2336,0.1526,0.12,0.2,Low,0
DRV-1427,49,5,0.0,2.8,0.2,2.43,0.0343,0.12,67.9,465,0.1079,0.0296,0.015,0.0,Low,0
DRV-1428,34,6,0.0,3.01,3.14,0.19,0.0181,0.28,75.9,888,0.1163,0.0596,0.035,0.0,Low,0
DRV-1429,34,0,0.0932,5.49,1.99,1.34,0.0676,1.13,80.2,473,0.1698,0.127,0.1412,0.0,Low,0
DRV-1430,34,3,0.0,0.99,0.97,0.56,0.0438,0.49,71.0,371,0.0472,0.0412,0.0612,0.0,Low,0
DRV-1431,55,1,0.1107,4.22,4.21,3.05,0.0981,1.12,112.6,370,0.2156,0.2581,0.14,1.0,Low,0
DRV-1432,41,1,0.0817,3.15,0.41,0.89,0.051,0.69,83.4,1400,0.0876,0.1327,0.0862,0.0,Low,0
DRV-1433,20,12,0.0324,2.67,2.99,3.09,0.1151,0.75,87.7,202,0.165,0.1217,0.0938,0.0,Low,0
DRV-1434,45,8,0.0424,3.25,1.95,5.32,0.0878,0.94,91.6,237,0.2039,0.1418,0.1175,0.1,Low,0
DRV-1435,32,6,0.0,1.83,1.97,2.33,0.0844,0.86,87.3,345,0.116,0.1024,0.1075,0.0,Low,0
DRV-1436,51,0,0.0371,2.69,2.54,3.28,0.0603,0.77,94.4,393,0.1617,0.1494,0.0962,0.0,Low,0
DRV-1437,44,0,0.2143,7.56,1.83,1.37,0.1253,0.62,75.6,699,0.2091,0.1764,0.0775,1.2,Low,0
DRV-1438,52,1,0.2069,5.81,6.92,5.92,0.1388,2.46,103.5,744,0.3499,0.2769,0.3075,91.7,High,1
DRV-1439,50,3,0.2044,7.86,10.05,5.8,0.2555,3.03,113.1,159,0.4407,0.3115,0.3787,99.9,High,1
DRV-1440,49,14,0.1403,7.78,5.33,4.86,0.1665,1.98,109.7,230,0.3416,0.2635,0.2475,99.3,High,1
DRV-1441,51,4,0.0245,0.97,2.46,0.85,0.0601,0.44,77.5,243,0.0774,0.0791,0.055,0.0,Low,0
DRV-1442,47,5,0.1585,5.33,4.92,6.77,0.1501,1.62,102.0,685,0.324,0.2447,0.2025,84.0,High,1
DRV-1443,29,0,0.149,8.28,5.17,6.11,0.191,1.97,129.0,298,0.374,0.3407,0.2462,99.9,High,1
DRV-1444,24,1,0.045,2.73,2.28,1.13,0.0313,0.43,105.1,276,0.1152,0.1939,0.0538,0.1,Low,0
DRV-1445,28,11,0.0,2.34,2.99,2.7,0.1088,1.26,102.2,524,0.1506,0.1582,0.1575,0.0,Low,0
DRV-1446,46,19,0.0837,6.91,8.35,4.85,0.2033,1.47,105.5,151,0.3744,0.2167,0.1838,78.8,High,1
DRV-1447,18,0,0.0681,2.89,1.46,1.21,0.0952,1.11,93.0,327,0.1063,0.1612,0.1388,0.0,Low,0
DRV-1448,37,2,0.1005,5.87,5.32,5.57,0.157,2.58,118.2,181,0.3175,0.2735,0.3225,99.0,High,1
DRV-1449,34,1,0.1643,4.14,4.84,4.16,0.1053,1.31,100.2,449,0.2467,0.2411,0.1638,2.9,Low,0
DRV-1450,52,4,0.1266,6.16,4.14,3.51,0.1629,2.35,125.0,269,0.2624,0.3134,0.2938,69.2,Moderate,0
DRV-1451,36,2,0.0814,7.09,7.04,5.41,0.2424,3.07,147.8,200,0.3673,0.374,0.3838,99.8,High,1
DRV-1452,33,2,0.1684,6.49,4.96,3.7,0.1848,2.26,99.3,466,0.2865,0.24,0.2825,95.1,High,1
DRV-1453,53,5,0.0,0.94,1.11,3.47,0.063,0.33,103.3,403,0.1067,0.1624,0.0412,0.0,Low,0
DRV-1454,36,2,0.093,3.2,3.0,1.25,0.0647,1.1,84.7,186,0.139,0.1438,0.1375,0.0,Low,0
DRV-1455,34,3,0.0894,4.63,3.4,3.45,0.1096,1.63,100.7,311,0.2183,0.2018,0.2037,0.0,Low,0
DRV-1456,32,0,0.1596,3.07,2.24,3.43,0.1038,0.72,94.5,448,0.1673,0.2172,0.09,0.2,Low,0
DRV-1457,41,1,0.1844,4.53,3.66,4.08,0.1245,1.77,126.0,295,0.2332,0.3489,0.2212,15.6,Low,0
DRV-1458,34,10,0.0562,4.16,3.87,4.26,0.1187,1.52,110.8,173,0.2329,0.2214,0.19,1.1,Low,0
DRV-1459,34,0,0.0,1.19,1.07,0.78,0.043,0.64,91.4,328,0.0572,0.1178,0.08,0.0,Low,0
DRV-1460,55,14,0.0623,5.82,4.48,4.93,0.0936,1.14,114.8,285,0.2897,0.2398,0.1425,3.5,Low,0
DRV-1461,38,3,0.0,5.51,3.3,2.07,0.0433,1.05,101.3,327,0.2066,0.1549,0.1312,0.1,Low,0
DRV-1462,32,2,0.1677,2.27,2.01,1.79,0.0732,2.27,99.4,457,0.1147,0.24,0.2838,0.7,Low,0
DRV-1463,26,2,0.1051,7.06,3.41,3.87,0.1083,1.2,116.4,968,0.2754,0.2693,0.15,1.3,Low,0
DRV-1464,40,6,0.211,6.85,6.02,3.61,0.1506,1.81,108.3,232,0.3095,0.2972,0.2262,97.7,High,1
DRV-1465,31,7,0.0161,6.09,3.17,2.31,0.0893,0.38,66.8,100,0.2208,0.0344,0.0475,0.6,Low,0
DRV-1466,33,0,0.1451,5.47,5.33,4.01,0.1926,1.69,137.5,486,0.2784,0.3704,0.2112,96.0,High,1
DRV-1467,27,14,0.1155,5.63,3.82,2.7,0.1845,1.71,94.4,610,0.2303,0.1925,0.2138,4.2,Low,0
DRV-1468,40,0,0.1737,5.67,3.6,3.26,0.1213,1.41,98.1,223,0.2386,0.2384,0.1762,2.0,Low,0
DRV-1469,22,0,0.0875,2.56,5.08,2.59,0.0941,1.52,91.7,341,0.1877,0.167,0.19,0.3,Low,0
DRV-1470,42,1,0.0454,3.95,3.42,3.26,0.1237,1.41,98.8,246,0.2012,0.1705,0.1762,0.4,Low,0
DRV-1471,31,0,0.1361,2.05,1.4,0.93,0.0514,0.58,80.1,490,0.0829,0.1502,0.0725,0.0,Low,0
DRV-1472,46,3,0.049,3.31,4.03,2.9,0.1159,0.92,100.8,437,0.1914,0.18,0.115,0.1,Low,0
DRV-1473,43,12,0.1292,7.37,5.05,3.85,0.1553,1.92,121.5,172,0.3086,0.3017,0.24,99.4,High,1
DRV-1474,39,15,0.0,5.76,6.73,3.35,0.1087,1.16,113.6,275,0.2944,0.201,0.145,3.7,Low,0
DRV-1475,48,3,0.1602,6.5,7.37,3.4,0.1285,1.35,114.6,364,0.3208,0.2929,0.1688,11.5,Low,0
DRV-1476,56,19,0.288,11.72,8.33,7.38,0.2982,3.38,139.4,522,0.5208,0.4562,0.4225,99.8,High,1
DRV-1477,53,4,0.068,2.49,3.45,1.74,0.0847,1.46,89.1,243,0.1421,0.1465,0.1825,0.3,Low,0
DRV-1478,22,0,0.103,10.3,3.79,2.93,0.1337,1.4,122.5,427,0.3278,0.291,0.175,9.1,Low,0
DRV-1479,30,4,0.0,1.37,2.14,0.89,0.0387,0.4,79.8,405,0.0809,0.0742,0.05,0.0,Low,0
DRV-1480,32,4,0.173,8.01,7.91,4.65,0.2001,2.03,118.1,330,0.385,0.313,0.2537,100.0,High,1
DRV-1481,45,5,0.1109,4.32,3.19,3.2,0.1275,0.86,110.2,296,0.2036,0.2492,0.1075,0.5,Low,0
DRV-1482,31,0,0.1357,6.17,3.11,3.58,0.1041,1.35,102.0,479,0.2468,0.2321,0.1688,0.8,Low,0
DRV-1483,31,0,0.0,3.24,0.49,0.53,0.0214,0.37,76.3,186,0.0836,0.0611,0.0462,0.0,Low,0
DRV-1484,29,6,0.134,3.52,2.92,2.55,0.1135,1.23,91.7,494,0.1701,0.1926,0.1538,0.0,Low,0
DRV-1485,41,11,0.0276,2.81,1.18,1.7,0.0418,0.58,100.9,154,0.1099,0.1686,0.0725,0.0,Low,0
DRV-1486,45,1,0.203,8.11,7.72,6.13,0.2771,3.21,140.4,164,0.4135,0.4132,0.4012,99.9,High,1
DRV-1487,23,0,0.0895,3.0,2.99,5.82,0.0996,1.4,100.6,232,0.2262,0.2015,0.175,0.3,Low,0
DRV-1488,31,2,0.0,1.63,3.13,2.26,0.0429,0.55,76.0,709,0.13,0.06,0.0688,0.1,Low,0
DRV-1489,18,3,0.0931,3.66,3.77,5.38,0.0981,1.44,101.0,123,0.2436,0.205,0.18,1.7,Low,0
DRV-1490,18,0,0.0,4.09,2.53,1.78,0.0474,2.19,88.5,212,0.1596,0.1069,0.2738,0.0,Low,0
DRV-1491,43,14,0.0,0.66,0.56,0.08,0.0151,0.04,69.4,129,0.0241,0.0353,0.005,0.0,Low,0
DRV-1492,41,2,0.0,4.55,5.63,2.49,0.082,0.91,92.7,663,0.2346,0.1226,0.1138,0.3,Low,0
DRV-1493,40,2,0.0208,1.78,3.17,1.44,0.0525,0.95,95.5,794,0.1172,0.1446,0.1188,0.0,Low,0
DRV-1494,57,3,0.1854,5.94,4.99,4.92,0.1216,0.95,115.2,281,0.3004,0.309,0.1188,9.7,Low,0
DRV-1495,18,1,0.1802,8.85,5.53,5.38,0.2588,2.33,110.1,523,0.3768,0.287,0.2912,98.9,High,1
DRV-1496,18,3,0.1862,8.4,4.25,4.07,0.1345,2.36,102.6,326,0.3202,0.2622,0.295,85.2,High,1
DRV-1497,24,6,0.3144,6.29,6.57,5.53,0.2226,2.21,127.9,294,0.3459,0.4275,0.2762,99.9,High,1
DRV-1498,18,0,0.1305,4.12,3.54,2.78,0.1059,1.08,99.4,329,0.197,0.2195,0.135,0.1,Low,0
DRV-1499,30,10,0.0378,2.95,2.91,2.36,0.0807,2.06,105.8,171,0.1547,0.1925,0.2575,0.8,Low,0
DRV-1500,44,4,0.0,0.9,0.73,0.66,0.0338,0.81,79.6,415,0.0434,0.0735,0.1013,0.0,Low,0
DRV-1501,41,9,0.1226,4.62,4.99,3.19,0.1628,1.49,114.9,345,0.2394,0.2733,0.1862,9.2,Low,0
DRV-1502,50,6,0.1475,9.22,8.08,4.44,0.1917,1.89,105.9,108,0.4079,0.2533,0.2362,99.1,High,1
DRV-1503,42,1,0.0617,5.32,8.46,2.64,0.1015,1.25,108.3,325,0.3002,0.2151,0.1562,3.2,Low,0
DRV-1504,33,2,0.3263,10.14,12.67,6.65,0.2296,2.74,115.9,157,0.547,0.3891,0.3425,100.0,High,1
DRV-1505,31,1,0.1608,5.25,5.53,3.71,0.2215,1.32,113.8,504,0.2714,0.2902,0.165,15.9,Low,0
DRV-1506,43,1,0.0717,7.76,5.14,7.37,0.1767,2.51,118.6,883,0.3883,0.2592,0.3137,97.5,High,1
DRV-1507,19,10,0.0125,4.7,2.18,1.98,0.0839,1.19,99.4,389,0.1699,0.1546,0.1488,0.0,Low,0
DRV-1508,18,0,0.0327,2.59,1.83,3.75,0.0746,1.03,96.7,192,0.1573,0.1556,0.1288,0.0,Low,0
DRV-1509,42,18,0.0877,1.84,2.3,3.91,0.0675,2.25,71.4,105,0.1533,0.091,0.2812,2.4,Low,0
DRV-1510,40,16,0.1175,2.92,3.54,1.24,0.0439,2.61,107.6,520,0.1422,0.2431,0.3262,1.0,Low,0
DRV-1511,56,11,0.3433,7.12,5.23,6.42,0.1806,1.83,125.4,373,0.358,0.4341,0.2288,99.0,High,1
DRV-1512,46,0,0.0,1.25,5.9,0.52,0.0558,0.27,93.9,461,0.1337,0.1271,0.0338,0.1,Low,0
DRV-1513,41,4,0.0171,2.96,1.39,1.36,0.1367,1.12,80.0,286,0.1096,0.0844,0.14,0.0,Low,0
DRV-1514,34,0,0.2756,9.2,7.18,6.18,0.2391,3.51,137.8,98,0.4273,0.4433,0.4388,99.8,High,1
DRV-1515,28,0,0.116,7.89,5.85,3.6,0.1792,1.63,100.2,319,0.3273,0.2146,0.2037,91.9,High,1
DRV-1516,34,1,0.0652,3.32,3.0,2.79,0.0838,0.84,98.6,185,0.1722,0.1806,0.105,0.0,Low,0
DRV-1517,49,5,0.086,3.99,5.79,2.89,0.1367,1.3,94.1,248,0.2341,0.1752,0.1625,1.2,Low,0
DRV-1518,43,0,0.0,2.76,3.84,2.56,0.0691,1.09,158.3,954,0.1704,0.3686,0.1362,7.1,Low,0
DRV-1519,49,1,0.168,6.0,4.65,4.45,0.2689,1.71,124.0,128,0.2865,0.3324,0.2138,97.2,High,1
DRV-1520,39,0,0.0358,2.35,3.83,1.27,0.0596,0.65,106.6,187,0.1362,0.1944,0.0812,0.0,Low,0
DRV-1521,27,1,0.1175,4.22,2.92,1.48,0.0735,2.04,86.4,340,0.1627,0.1636,0.255,0.1,Low,0
DRV-1522,51,1,0.065,3.09,3.07,1.77,0.1403,1.29,99.6,196,0.1484,0.1842,0.1612,0.2,Low,0
DRV-1523,50,3,0.101,7.05,5.09,7.73,0.1955,1.94,131.2,229,0.3804,0.3225,0.2425,99.6,High,1
DRV-1524,40,8,0.0105,1.23,2.4,0.99,0.0287,0.53,73.1,465,0.0844,0.0549,0.0662,0.0,Low,0
DRV-1525,44,3,0.03,7.92,5.32,4.05,0.1673,1.74,107.5,288,0.3281,0.1946,0.2175,88.0,High,1
DRV-1526,44,6,0.0146,5.27,3.88,3.02,0.0912,1.58,111.6,303,0.2305,0.2015,0.1975,0.3,Low,0
DRV-1527,32,3,0.0916,7.98,3.85,1.92,0.0803,1.51,89.6,208,0.2622,0.1614,0.1888,1.1,Low,0
DRV-1528,34,3,0.1672,9.13,7.14,5.58,0.1648,2.11,112.6,373,0.4132,0.2892,0.2638,99.5,High,1
DRV-1529,27,2,0.0956,5.51,2.81,1.32,0.0635,0.61,81.6,509,0.1834,0.1336,0.0762,0.0,Low,0
DRV-1530,34,5,0.0408,5.61,5.77,6.36,0.1716,1.85,101.6,615,0.3356,0.1784,0.2312,89.0,High,1
DRV-1531,50,3,0.1317,7.72,4.83,5.15,0.1583,1.62,89.9,325,0.3379,0.1846,0.2025,82.6,High,1
DRV-1532,48,0,0.0577,3.01,4.28,3.53,0.1084,0.91,79.4,446,0.2021,0.1045,0.1138,0.2,Low,0
DRV-1533,44,0,0.3252,18.24,8.39,7.37,0.2756,3.18,141.8,785,0.652,0.4856,0.3975,99.6,High,1
DRV-1534,49,0,0.0683,1.86,2.53,1.13,0.0457,1.1,94.4,338,0.102,0.1666,0.1375,0.0,Low,0
DRV-1535,33,1,0.0873,1.92,3.36,1.22,0.0471,0.9,121.4,294,0.1188,0.2783,0.1125,0.0,Low,0
DRV-1536,23,9,0.2208,4.61,4.24,2.99,0.1276,1.82,108.8,286,0.2227,0.3044,0.2275,9.1,Low,0
DRV-1537,36,5,0.1575,10.12,6.23,4.81,0.1619,2.56,105.7,227,0.4024,0.258,0.32,99.3,High,1
DRV-1538,37,7,0.3026,8.85,7.13,5.78,0.2339,2.62,130.5,197,0.4114,0.4308,0.3275,99.9,High,1
DRV-1539,46,11,0.1233,6.38,6.22,4.99,0.1882,3.0,130.9,261,0.3311,0.3337,0.375,99.8,High,1
DRV-1540,44,14,0.0715,6.89,4.08,4.87,0.1263,1.5,123.5,431,0.3032,0.2774,0.1875,29.1,Low,1
DRV-1541,50,3,0.2393,8.85,8.83,5.76,0.2258,2.72,135.6,280,0.4394,0.4151,0.34,99.9,High,1
DRV-1542,18,3,0.0,1.69,2.07,0.66,0.0191,0.37,90.7,377,0.0815,0.1151,0.0462,0.0,Low,0
DRV-1543,28,0,0.0756,1.73,1.25,2.23,0.0383,2.23,90.6,308,0.1,0.1563,0.2788,0.0,Low,0
DRV-1544,36,4,0.0297,1.14,1.39,1.56,0.0373,0.84,94.2,1147,0.0772,0.1446,0.105,0.0,Low,0
DRV-1545,43,2,0.1598,3.98,3.8,2.73,0.0974,1.69,87.6,254,0.1975,0.1914,0.2112,0.0,Low,0
DRV-1546,63,0,0.1242,5.55,4.64,3.46,0.1241,1.63,85.1,427,0.2575,0.1624,0.2037,22.0,Low,0
DRV-1547,26,6,0.0362,6.92,3.82,1.32,0.0291,0.66,112.6,771,0.2285,0.2172,0.0825,0.2,Low,0
DRV-1548,29,0,0.1621,6.03,6.78,3.01,0.1615,1.92,109.5,202,0.2938,0.2748,0.24,38.8,Low,0
DRV-1549,32,15,0.0479,3.37,5.48,3.27,0.1134,1.08,106.4,751,0.2241,0.2003,0.135,0.5,Low,0
DRV-1550,29,0,0.0425,4.34,5.75,4.04,0.1236,1.02,65.8,308,0.2634,0.0451,0.1275,3.5,Low,0
DRV-1551,27,5,0.1366,8.67,4.12,2.77,0.1577,1.14,123.3,352,0.2975,0.3125,0.1425,10.6,Low,0
DRV-1552,38,0,0.0868,3.4,2.96,4.01,0.1002,0.89,114.1,119,0.1975,0.2506,0.1112,0.0,Low,0
DRV-1553,49,5,0.0564,3.1,2.71,2.43,0.0873,1.19,79.7,181,0.1558,0.1049,0.1488,0.0,Low,0
DRV-1554,39,12,0.0143,0.71,2.63,6.11,0.0576,0.41,80.6,120,0.1802,0.0851,0.0512,0.1,Low,0
DRV-1555,27,7,0.1262,2.36,1.21,1.35,0.0437,0.38,90.2,326,0.0944,0.1827,0.0475,0.1,Low,0
DRV-1556,35,1,0.0,0.71,1.42,4.47,0.0879,0.42,69.1,349,0.1273,0.0341,0.0525,0.0,Low,0
DRV-1557,25,3,0.0177,9.39,2.1,2.9,0.0514,3.15,96.4,401,0.2808,0.1462,0.3938,10.5,Low,0
DRV-1558,49,0,0.0489,8.6,7.65,3.62,0.1425,1.54,127.1,200,0.3719,0.2785,0.1925,90.6,High,1
DRV-1559,55,0,0.0356,1.54,1.48,1.48,0.1473,0.57,92.6,677,0.0851,0.1418,0.0712,0.4,Low,0
DRV-1560,18,3,0.104,2.62,3.17,2.5,0.0968,0.71,76.0,610,0.1552,0.1172,0.0888,0.0,Low,0
DRV-1561,40,3,0.1639,4.35,3.91,5.56,0.1285,1.4,93.6,1314,0.2634,0.2161,0.175,5.0,Low,0
DRV-1562,28,1,0.0948,3.19,3.5,2.41,0.0884,1.96,98.7,1426,0.1703,0.1973,0.245,0.0,Low,0
DRV-1563,38,1,0.1149,4.43,2.63,1.91,0.0664,0.67,90.2,379,0.1706,0.1764,0.0838,0.0,Low,0
DRV-1564,36,0,0.165,6.41,4.59,4.01,0.1167,2.08,104.9,638,0.2849,0.2591,0.26,30.5,Low,0
DRV-1565,21,2,0.1782,4.29,3.95,2.61,0.1231,1.64,102.3,481,0.2038,0.2566,0.205,1.3,Low,0
DRV-1566,52,12,0.2152,7.59,5.85,5.77,0.1596,1.93,94.0,242,0.3647,0.2459,0.2412,96.4,High,1
DRV-1567,36,2,0.1459,3.41,2.07,1.9,0.063,0.9,101.5,348,0.1407,0.2359,0.1125,0.1,Low,0
DRV-1568,32,1,0.0431,2.42,1.63,1.3,0.0671,0.97,99.7,507,0.1016,0.1726,0.1212,0.0,Low,0
DRV-1569,39,4,0.0093,3.97,4.57,2.27,0.0788,1.22,106.6,3240,0.201,0.1799,0.1525,0.2,Low,0
DRV-1570,27,3,0.0873,6.52,1.64,3.84,0.0663,0.93,96.0,762,0.2345,0.183,0.1162,0.4,Low,0
DRV-1571,35,0,0.0526,5.0,0.91,0.43,0.0405,0.23,77.9,400,0.1238,0.0961,0.0288,0.1,Low,0
DRV-1572,18,1,0.2102,6.79,3.58,3.63,0.1758,1.17,99.2,462,0.2681,0.2626,0.1462,4.9,Low,0
DRV-1573,18,1,0.2684,7.03,9.23,4.65,0.1912,2.09,111.6,350,0.3874,0.3411,0.2612,99.5,High,1
DRV-1574,26,3,0.19,3.88,8.14,2.67,0.0892,0.85,115.3,358,0.2667,0.3119,0.1062,5.9,Low,0
DRV-1575,31,0,0.1186,6.67,5.54,2.41,0.0711,1.13,98.4,621,0.2739,0.2092,0.1412,1.7,Low,0
DRV-1576,18,2,0.0656,2.23,2.87,1.95,0.0497,0.65,71.9,270,0.1314,0.0807,0.0812,0.0,Low,0
DRV-1577,32,1,0.0998,7.98,5.46,6.0,0.2218,2.09,121.5,215,0.3706,0.2855,0.2612,99.8,High,1
DRV-1578,31,7,0.0296,0.64,4.22,2.94,0.0262,1.02,60.0,329,0.1419,0.0163,0.1275,0.2,Low,0
DRV-1579,37,0,0.139,7.18,5.23,4.32,0.1719,2.47,122.3,404,0.3172,0.3101,0.3088,99.9,High,1
DRV-1580,45,11,0.183,8.07,6.5,3.94,0.1932,2.31,120.6,286,0.3485,0.3279,0.2888,99.6,High,1
DRV-1581,58,7,0.0874,13.25,3.04,3.62,0.1048,1.04,92.7,356,0.3881,0.1707,0.13,3.0,Low,0
DRV-1582,43,3,0.0809,2.86,1.61,4.4,0.0586,0.65,80.7,702,0.172,0.1221,0.0812,0.0,Low,0
DRV-1583,26,9,0.1377,9.92,5.07,4.18,0.1417,1.8,119.6,351,0.3665,0.2992,0.225,99.0,High,1
DRV-1584,45,10,0.1955,7.75,4.66,3.62,0.287,2.26,110.9,226,0.3051,0.2984,0.2825,98.8,High,1
DRV-1585,54,7,0.0,5.25,2.84,3.62,0.1428,1.29,79.4,204,0.2247,0.0728,0.1612,1.3,Low,0
DRV-1586,24,2,0.028,1.43,1.31,1.46,0.055,0.27,98.2,254,0.0796,0.1587,0.0338,0.0,Low,0
DRV-1587,25,1,0.2732,9.87,7.19,4.74,0.1954,2.58,114.7,1280,0.412,0.3554,0.3225,99.5,High,1
DRV-1588,20,7,0.1841,6.32,2.95,2.11,0.0823,0.75,80.6,321,0.2178,0.1785,0.0938,0.4,Low,0
DRV-1589,31,1,0.1608,4.75,3.64,3.77,0.1096,1.27,123.0,571,0.2311,0.3247,0.1588,3.8,Low,0
DRV-1590,42,0,0.1122,1.66,1.4,1.69,0.0692,0.2,95.3,311,0.0903,0.1941,0.025,0.0,Low,0
DRV-1591,55,0,0.0234,2.0,1.09,2.02,0.0599,1.27,78.0,193,0.0986,0.0804,0.1588,0.0,Low,0
DRV-1592,48,0,0.0196,5.31,1.3,0.93,0.0325,0.23,69.4,233,0.1465,0.046,0.0288,0.0,Low,0
DRV-1593,42,2,0.1525,5.18,5.34,4.3,0.1221,1.25,96.7,437,0.2786,0.2215,0.1562,4.9,Low,0
DRV-1594,38,0,0.1752,7.65,5.57,5.51,0.1642,1.99,114.9,289,0.356,0.3022,0.2488,99.9,High,1
DRV-1595,42,0,0.0,6.76,0.8,0.38,0.0588,1.02,97.7,1165,0.1561,0.1414,0.1275,0.0,Low,0
DRV-1596,43,2,0.0615,6.63,3.51,2.12,0.1007,1.85,116.7,308,0.2335,0.2464,0.2312,1.6,Low,0
DRV-1597,53,3,0.1229,6.76,6.06,4.9,0.2073,2.02,125.3,432,0.3342,0.3125,0.2525,99.8,High,1
DRV-1598,37,2,0.0392,1.86,0.3,1.3,0.084,0.24,89.5,295,0.0682,0.1322,0.03,0.2,Low,0
DRV-1599,41,2,0.1977,11.17,6.21,4.91,0.1759,2.26,122.5,493,0.4251,0.3431,0.2825,99.9,High,1
DRV-1600,33,3,0.0345,2.94,4.82,1.87,0.0481,0.91,82.3,644,0.1765,0.1026,0.1138,0.1,Low,0
DRV-1601,39,1,0.1707,8.76,8.35,5.35,0.1786,2.29,108.8,194,0.4214,0.2769,0.2862,98.4,High,1
DRV-1602,34,4,0.0935,6.66,6.32,1.49,0.0723,1.01,98.3,661,0.2683,0.195,0.1262,1.6,Low,0
DRV-1603,23,9,0.1559,5.04,4.51,3.57,0.0958,1.34,115.7,109,0.2474,0.2946,0.1675,8.6,Low,0
DRV-1604,48,0,0.0123,5.24,6.5,2.49,0.1155,0.93,92.2,651,0.2629,0.1275,0.1162,2.1,Low,0
DRV-1605,55,0,0.0,1.8,2.0,1.29,0.0766,1.61,105.0,354,0.0951,0.1688,0.2013,0.1,Low,0
DRV-1606,37,5,0.0994,3.02,2.39,1.44,0.0622,2.24,85.0,168,0.129,0.1484,0.28,0.2,Low,0
DRV-1607,41,2,0.0,2.66,4.91,7.62,0.1064,0.77,96.2,191,0.2874,0.1358,0.0962,2.2,Low,0
DRV-1608,48,1,0.1395,5.52,4.77,5.24,0.129,1.25,101.7,482,0.2947,0.2331,0.1562,10.9,Low,0
DRV-1609,36,2,0.2727,6.57,5.67,6.93,0.1823,2.13,135.0,85,0.3645,0.4312,0.2662,99.7,High,1
DRV-1610,40,6,0.1661,2.71,3.39,2.52,0.1141,0.72,101.7,350,0.1611,0.2477,0.09,0.0,Low,0
DRV-1611,35,2,0.2426,7.98,6.01,5.02,0.1728,2.24,124.6,242,0.3602,0.3757,0.28,100.0,High,1
DRV-1612,31,9,0.2249,8.63,6.01,4.58,0.2192,2.15,122.6,395,0.3644,0.3584,0.2688,100.0,High,1
DRV-1613,44,3,0.2369,7.11,3.33,2.34,0.1115,2.5,89.0,99,0.2445,0.239,0.3125,6.7,Low,0
DRV-1614,44,0,0.0,3.24,3.56,3.73,0.123,1.04,72.2,130,0.1987,0.0458,0.13,0.0,Low,0
DRV-1615,49,4,0.1001,4.8,4.05,3.02,0.1808,1.38,102.9,172,0.2239,0.2159,0.1725,1.4,Low,0
DRV-1616,37,1,0.0789,15.3,2.24,1.25,0.054,2.02,84.1,417,0.3683,0.1338,0.2525,6.8,Low,0
DRV-1617,23,6,0.0078,2.25,2.91,3.01,0.032,0.96,92.8,345,0.1537,0.1273,0.12,0.0,Low,0
DRV-1618,51,2,0.1431,3.11,2.41,2.23,0.0646,0.8,93.7,678,0.147,0.2051,0.1,0.0,Low,0
DRV-1619,29,1,0.0693,2.83,4.15,1.66,0.0653,1.37,90.8,242,0.159,0.1536,0.1713,0.2,Low,0
DRV-1620,28,5,0.1248,6.06,4.68,4.8,0.1665,1.55,71.3,522,0.2952,0.111,0.1938,51.9,Moderate,0
DRV-1621,31,1,0.0499,2.99,3.67,1.63,0.1047,1.21,101.5,570,0.1536,0.1831,0.1512,0.0,Low,0
DRV-1622,18,0,0.1817,8.58,10.63,5.93,0.1973,2.65,131.2,285,0.4674,0.3669,0.3312,100.0,High,1
DRV-1623,35,2,0.0,0.8,2.63,0.74,0.0461,1.07,95.0,121,0.0746,0.1312,0.1338,0.1,Low,0
DRV-1624,45,1,0.1244,3.97,4.08,3.02,0.1494,1.84,105.0,408,0.2078,0.2372,0.23,2.8,Low,0
DRV-1625,32,2,0.0226,2.58,3.37,1.96,0.0621,1.05,109.6,192,0.147,0.1984,0.1312,0.0,Low,0
DRV-1626,54,11,0.2325,6.91,5.65,4.64,0.1711,2.13,113.5,555,0.3252,0.3285,0.2662,99.6,High,1
DRV-1627,53,2,0.2684,9.3,9.26,5.41,0.2228,2.75,131.9,318,0.4485,0.4172,0.3438,100.0,High,1
DRV-1628,48,4,0.096,1.69,1.96,1.12,0.0571,0.68,89.7,324,0.0889,0.1642,0.085,0.0,Low,0
DRV-1629,18,5,0.0,0.75,2.02,1.02,0.0319,0.54,90.4,532,0.0691,0.114,0.0675,0.0,Low,0
DRV-1630,55,1,0.0,3.12,10.16,1.86,0.1356,0.62,98.9,859,0.2689,0.1459,0.0775,4.0,Low,0
DRV-1631,35,0,0.0937,7.33,3.26,2.33,0.0858,1.02,107.2,335,0.2475,0.2285,0.1275,0.3,Low,0
DRV-1632,58,1,0.2109,2.35,2.7,2.95,0.036,0.63,91.7,480,0.151,0.2349,0.0788,0.4,Low,0
DRV-1633,30,3,0.1351,2.44,3.53,3.93,0.1053,1.14,91.2,609,0.1862,0.1913,0.1425,0.3,Low,0
DRV-1634,36,2,0.0393,3.02,3.22,4.38,0.0757,0.76,107.4,126,0.2017,0.1994,0.095,0.4,Low,0
DRV-1635,39,2,0.1987,6.72,6.52,4.22,0.1577,2.2,99.5,152,0.3275,0.2574,0.275,98.5,High,1
DRV-1636,26,0,0.0685,0.93,3.13,1.19,0.0307,0.25,78.1,249,0.0946,0.1055,0.0312,0.0,Low,0
DRV-1637,18,2,0.0,2.27,5.48,3.52,0.0855,0.79,109.6,963,0.2071,0.186,0.0988,0.8,Low,0
DRV-1638,18,6,0.1258,2.42,1.61,6.25,0.0763,0.97,81.9,492,0.2002,0.1513,0.1212,0.4,Low,0
DRV-1639,73,1,0.0894,8.0,3.56,2.39,0.129,1.1,101.8,88,0.2671,0.2059,0.1375,1.8,Low,0
DRV-1640,18,13,0.1615,9.47,4.83,4.83,0.152,1.7,134.8,240,0.3665,0.3693,0.2125,98.6,High,1
DRV-1641,18,4,0.0828,4.08,2.72,2.03,0.0789,1.41,97.1,186,0.1675,0.1847,0.1762,0.0,Low,0
DRV-1642,44,0,0.1252,2.79,2.63,2.35,0.061,1.6,82.9,401,0.1466,0.1547,0.2,0.0,Low,0
DRV-1643,20,3,0.0,1.22,2.28,1.0,0.0646,0.24,99.5,678,0.0824,0.1481,0.03,0.0,Low,0
DRV-1644,18,13,0.0,4.16,4.1,4.89,0.1212,1.07,98.7,827,0.2493,0.1451,0.1338,1.3,Low,0
DRV-1645,18,0,0.0785,2.17,1.83,1.43,0.0753,0.77,90.9,367,0.1025,0.1591,0.0962,0.0,Low,0
DRV-1646,41,4,0.0,1.87,1.26,1.38,0.0541,1.38,66.0,408,0.086,0.0225,0.1725,0.0,Low,0
DRV-1647,25,5,0.0408,3.31,4.57,2.19,0.1461,0.67,91.9,248,0.1862,0.1421,0.0838,0.6,Low,0
DRV-1648,45,0,0.1152,7.34,1.96,1.45,0.0972,1.01,98.2,520,0.2085,0.2066,0.1262,0.0,Low,0
DRV-1649,37,10,0.0716,4.4,1.63,1.51,0.0821,0.49,83.3,1748,0.1454,0.1268,0.0612,0.0,Low,0
DRV-1650,39,0,0.1098,4.67,1.78,1.28,0.0903,1.24,75.4,218,0.1487,0.1181,0.155,0.1,Low,0
DRV-1651,32,14,0.0942,3.68,2.13,3.0,0.0817,1.68,87.3,853,0.1691,0.1542,0.21,0.0,Low,0
DRV-1652,34,6,0.1932,7.75,1.86,2.92,0.0529,0.82,83.7,533,0.2444,0.1951,0.1025,0.3,Low,0
DRV-1653,27,4,0.1085,5.61,5.69,3.36,0.1601,1.67,109.8,538,0.2742,0.2464,0.2088,66.2,Moderate,1
DRV-1654,28,0,0.0983,2.76,2.64,2.83,0.0829,0.9,90.8,386,0.1558,0.1696,0.1125,0.0,Low,0
DRV-1655,24,1,0.0,1.13,2.09,1.26,0.0514,0.66,105.5,1069,0.0826,0.1706,0.0825,0.0,Low,0
DRV-1656,56,5,0.0906,1.2,1.62,1.33,0.099,1.77,91.2,361,0.0776,0.1668,0.2212,0.0,Low,0
DRV-1657,33,2,0.036,2.36,2.49,2.16,0.0573,0.56,68.2,267,0.1319,0.0506,0.07,0.0,Low,0
DRV-1658,18,0,0.4179,13.37,10.69,9.6,0.2776,3.36,152.8,431,0.6376,0.5778,0.42,99.9,High,1
DRV-1659,41,5,0.0236,2.7,3.85,2.19,0.0585,0.61,92.2,356,0.162,0.1337,0.0762,0.0,Low,0
DRV-1660,28,0,0.168,5.39,6.08,2.03,0.1083,1.11,113.4,411,0.2497,0.2927,0.1388,3.9,Low,0
DRV-1661,37,6,0.0469,1.63,2.27,0.32,0.0405,0.68,80.7,90,0.0768,0.1034,0.085,0.0,Low,0
DRV-1662,34,8,0.0594,2.52,4.5,2.36,0.1049,0.82,91.8,322,0.1726,0.1519,0.1025,0.0,Low,0
DRV-1663,55,3,0.2229,7.45,5.7,5.12,0.1685,1.92,145.9,331,0.3464,0.4447,0.24,99.8,High,1
DRV-1664,33,0,0.0651,1.76,1.89,1.49,0.0877,1.43,78.5,400,0.0965,0.1052,0.1788,0.0,Low,0
DRV-1665,47,3,0.2072,6.7,5.43,4.52,0.2169,2.11,132.1,220,0.3149,0.3843,0.2638,99.6,High,1
DRV-1666,46,9,0.0192,4.16,1.03,1.25,0.0317,0.54,88.0,909,0.1254,0.1156,0.0675,0.0,Low,0
DRV-1667,21,0,0.0358,5.16,3.42,1.93,0.0875,1.04,91.8,127,0.1988,0.1389,0.13,0.2,Low,0
DRV-1668,40,0,0.0615,6.45,2.55,2.33,0.0841,1.47,90.9,383,0.2181,0.1497,0.1838,0.0,Low,0
DRV-1669,28,5,0.0,3.2,1.89,1.2,0.0506,1.41,105.8,421,0.1195,0.1717,0.1762,0.0,Low,0
DRV-1670,23,6,0.1414,3.46,3.97,2.28,0.0889,1.59,106.4,1387,0.181,0.2518,0.1988,1.8,Low,0
DRV-1671,23,7,0.0654,10.9,5.29,3.58,0.1583,1.4,119.1,505,0.3778,0.2576,0.175,70.4,High,1
DRV-1672,47,1,0.1302,5.12,4.18,3.4,0.1451,1.96,123.4,537,0.2401,0.3094,0.245,66.2,Moderate,1
DRV-1673,69,12,0.2424,7.75,5.84,7.94,0.1863,2.74,130.6,425,0.4111,0.3981,0.3425,99.8,High,1
DRV-1674,28,5,0.1267,2.72,2.6,2.01,0.0964,1.08,84.7,348,0.1379,0.1623,0.135,0.0,Low,0
DRV-1675,40,0,0.0495,6.34,7.93,4.38,0.1407,2.3,96.8,1137,0.3466,0.1652,0.2875,81.3,High,1
DRV-1676,41,0,0.061,2.45,1.94,5.06,0.0673,1.74,113.7,186,0.1825,0.2349,0.2175,1.2,Low,0
DRV-1677,31,4,0.1262,3.81,2.94,2.76,0.1224,1.66,105.0,298,0.1804,0.2382,0.2075,0.4,Low,0
DRV-1678,54,1,0.0371,3.52,1.61,4.75,0.036,0.4,88.7,595,0.1922,0.128,0.05,0.0,Low,0
DRV-1679,64,16,0.1479,2.83,2.2,5.01,0.075,1.4,117.0,441,0.1935,0.2951,0.175,2.6,Low,0
DRV-1680,30,9,0.1159,5.69,5.07,5.33,0.1708,2.71,105.0,361,0.3049,0.2325,0.3388,97.2,High,1
DRV-1681,58,5,0.0,5.14,3.46,2.25,0.098,1.13,71.9,315,0.2055,0.0446,0.1412,0.0,Low,0
DRV-1682,31,1,0.1986,5.93,8.57,3.79,0.1477,1.57,92.5,683,0.3372,0.2311,0.1962,87.5,High,1
DRV-1683,26,1,0.046,3.07,3.76,3.42,0.0806,0.89,91.5,440,0.1925,0.1434,0.1112,0.0,Low,0
DRV-1684,36,14,0.0199,5.41,3.59,3.24,0.1144,3.39,110.1,225,0.2328,0.1988,0.4238,8.0,Low,0
DRV-1685,48,1,0.1054,4.76,3.89,2.75,0.1921,1.46,123.0,266,0.215,0.2942,0.1825,3.2,Low,0
DRV-1686,36,4,0.1136,3.91,2.23,1.02,0.0604,0.62,99.2,271,0.1358,0.2095,0.0775,0.0,Low,0
DRV-1687,46,5,0.0,2.01,0.82,0.9,0.0639,1.21,60.0,458,0.0719,0.0,0.1512,0.0,Low,0
DRV-1688,40,3,0.173,1.87,4.42,1.43,0.034,0.35,121.1,312,0.1397,0.3243,0.0438,4.4,Low,0
DRV-1689,54,2,0.0,0.62,1.79,0.7,0.0393,0.56,77.9,135,0.0562,0.0671,0.07,0.0,Low,0
DRV-1690,44,0,0.1088,3.94,3.18,3.7,0.0911,1.73,118.4,443,0.2058,0.2788,0.2162,3.9,Low,0
DRV-1691,56,10,0.0564,5.59,3.75,5.25,0.178,1.39,116.2,503,0.2793,0.2418,0.1737,8.3,Low,0
DRV-1692,27,1,0.0634,4.34,2.29,1.65,0.1029,1.14,94.0,1115,0.158,0.1624,0.1425,0.0,Low,0
DRV-1693,35,9,0.0792,4.89,4.49,2.8,0.079,1.36,97.1,157,0.2286,0.1827,0.17,0.1,Low,0
DRV-1694,37,6,0.0286,4.96,4.48,2.83,0.1234,2.56,93.6,347,0.2305,0.1417,0.32,4.8,Low,0
DRV-1695,27,4,0.249,5.3,2.44,5.08,0.0962,1.4,82.7,358,0.2483,0.2221,0.175,4.3,Low,0
DRV-1696,25,5,0.0216,2.28,4.91,2.82,0.0517,1.18,89.7,389,0.1838,0.1233,0.1475,0.0,Low,0
DRV-1697,42,10,0.0024,1.22,1.0,2.64,0.0527,0.36,70.7,157,0.0939,0.0414,0.045,0.0,Low,0
DRV-1698,45,11,0.2647,9.52,6.84,7.01,0.2597,2.2,147.0,217,0.4446,0.4718,0.275,99.9,High,1
DRV-1699,39,2,0.1773,4.52,3.03,1.99,0.0826,1.04,96.8,387,0.1807,0.2355,0.13,0.0,Low,0
DRV-1700,50,13,0.1919,4.59,7.07,3.59,0.1492,1.73,133.5,256,0.2814,0.3812,0.2162,50.6,Moderate,0
DRV-1701,24,6,0.0,2.61,2.22,4.24,0.0904,0.83,89.5,290,0.174,0.1106,0.1038,0.0,Low,0
DRV-1702,33,3,0.1704,9.53,5.72,5.37,0.1651,2.14,108.9,737,0.3933,0.2771,0.2675,98.5,High,1
DRV-1703,23,9,0.0,4.75,2.57,3.74,0.1148,1.07,104.2,1503,0.2126,0.1658,0.1338,0.4,Low,0
DRV-1704,39,0,0.2276,6.46,5.96,4.19,0.1908,2.57,116.5,270,0.3123,0.3371,0.3212,99.9,High,1
DRV-1705,43,11,0.0006,3.78,2.88,2.31,0.1592,1.59,114.2,134,0.1698,0.2036,0.1988,0.7,Low,0
DRV-1706,54,0,0.0,4.76,1.63,0.47,0.0395,0.73,100.2,459,0.1318,0.1508,0.0912,0.0,Low,0
DRV-1707,23,12,0.0465,3.59,1.39,1.26,0.0484,0.86,103.9,122,0.1202,0.1902,0.1075,0.0,Low,0
DRV-1708,42,2,0.1139,3.16,3.15,3.29,0.1307,2.93,116.3,197,0.1815,0.2738,0.3662,7.2,Low,0
DRV-1709,55,1,0.0707,3.11,2.72,4.26,0.0839,1.12,109.6,611,0.1927,0.2249,0.14,0.0,Low,0
DRV-1710,25,1,0.2525,6.45,6.77,4.21,0.1855,1.88,110.3,115,0.326,0.3275,0.235,97.6,High,1
DRV-1711,23,2,0.1968,7.29,4.62,4.09,0.1624,1.94,128.7,372,0.3046,0.3659,0.2425,98.4,High,1
DRV-1712,20,1,0.139,4.72,3.24,2.33,0.0909,1.38,111.3,176,0.195,0.2688,0.1725,0.3,Low,0
DRV-1713,45,19,0.0,2.78,2.7,2.9,0.0671,0.64,86.0,408,0.1586,0.0975,0.08,0.0,Low,0
DRV-1714,29,25,0.1226,3.4,1.53,2.73,0.0314,0.48,78.8,710,0.1481,0.1379,0.06,0.0,Low,0
DRV-1715,43,1,0.0,2.79,2.33,2.53,0.0827,0.75,88.7,137,0.1452,0.1076,0.0938,0.0,Low,0
DRV-1716,35,5,0.1516,3.73,1.66,1.95,0.0522,1.79,104.2,228,0.1413,0.2491,0.2238,0.0,Low,0
DRV-1717,59,7,0.1763,1.94,3.4,1.53,0.0523,0.55,94.0,212,0.1261,0.2245,0.0688,0.1,Low,0
DRV-1718,47,3,0.0977,4.36,3.92,2.73,0.1007,1.22,95.2,231,0.2071,0.1857,0.1525,0.0,Low,0
DRV-1719,28,7,0.0934,3.86,1.56,1.03,0.0607,1.14,85.3,260,0.1238,0.1462,0.1425,0.0,Low,0
DRV-1720,34,5,0.0,7.19,3.81,2.5,0.0957,1.36,98.1,659,0.2573,0.1429,0.17,0.1,Low,0
DRV-1721,47,4,0.0032,1.32,3.62,0.89,0.0374,0.88,69.4,169,0.1045,0.037,0.11,0.0,Low,0
DRV-1722,25,7,0.1034,3.78,2.28,1.59,0.0477,1.8,98.1,350,0.1454,0.1997,0.225,0.0,Low,0
DRV-1723,52,3,0.1292,2.78,2.9,2.22,0.0975,0.86,84.6,294,0.1483,0.1633,0.1075,0.0,Low,0
DRV-1724,34,1,0.0,3.4,1.39,1.09,0.0398,0.6,87.9,511,0.113,0.1046,0.075,0.0,Low,0
DRV-1725,47,1,0.0006,0.78,1.73,1.91,0.0664,0.22,79.2,536,0.0826,0.0723,0.0275,0.0,Low,0
DRV-1726,35,0,0.0543,10.48,7.04,5.16,0.2158,2.08,136.4,283,0.4301,0.3164,0.26,99.2,High,1
DRV-1727,31,9,0.1288,6.01,6.07,4.61,0.1186,1.17,99.7,245,0.3136,0.2197,0.1462,4.8,Low,0
DRV-1728,29,5,0.0,1.93,1.63,1.43,0.0658,1.95,79.4,544,0.0944,0.0728,0.2438,0.0,Low,0
DRV-1729,58,2,0.2103,5.34,4.43,4.39,0.1939,2.5,124.4,215,0.2684,0.3572,0.3125,95.5,High,1
DRV-1730,34,5,0.217,5.1,4.64,3.34,0.1953,2.11,103.5,148,0.2461,0.2825,0.2638,73.0,High,1
DRV-1731,74,5,0.0551,4.72,2.48,3.07,0.0775,1.34,101.0,814,0.1971,0.1841,0.1675,0.0,Low,0
DRV-1732,39,1,0.1788,8.53,8.03,4.24,0.1971,1.71,129.0,388,0.3892,0.3571,0.2138,98.0,High,1
DRV-1733,27,5,0.0274,3.0,3.56,1.93,0.062,0.83,80.5,417,0.1579,0.0919,0.1038,0.0,Low,0
DRV-1734,18,12,0.1029,3.53,5.17,2.02,0.1069,1.2,99.0,495,0.1972,0.2028,0.15,0.3,Low,0
DRV-1735,52,16,0.0822,6.12,5.62,3.79,0.166,1.6,109.4,249,0.2919,0.2305,0.2,92.0,High,1
DRV-1736,35,1,0.0986,6.55,2.98,2.65,0.0782,1.78,95.6,174,0.2337,0.1877,0.2225,1.1,Low,0
DRV-1737,47,4,0.1032,9.99,7.38,5.25,0.1967,3.04,125.3,344,0.4278,0.3016,0.38,99.9,High,1
DRV-1738,65,5,0.0,4.21,2.11,2.18,0.047,1.05,103.1,504,0.163,0.1616,0.1312,0.0,Low,0
DRV-1739,46,0,0.0543,4.51,2.07,2.02,0.1124,2.66,86.6,246,0.1651,0.1296,0.3325,0.7,Low,0
DRV-1740,42,11,0.0388,12.0,2.76,2.79,0.0591,1.37,107.1,291,0.3418,0.198,0.1713,2.1,Low,0
DRV-1741,52,2,0.0809,2.74,2.9,2.12,0.0997,1.16,114.0,272,0.1455,0.247,0.145,0.0,Low,0
DRV-1742,47,3,0.0,3.41,3.64,0.9,0.045,0.88,88.9,167,0.1469,0.1084,0.11,0.0,Low,0
DRV-1743,22,2,0.2097,3.54,3.18,2.44,0.0857,1.14,92.6,332,0.1726,0.2376,0.1425,0.5,Low,0
DRV-1744,53,0,0.134,4.97,3.7,7.51,0.1599,1.38,107.9,225,0.3113,0.2533,0.1725,5.8,Low,0
DRV-1745,37,5,0.0718,2.88,4.59,1.96,0.0928,1.4,91.7,337,0.1733,0.1584,0.175,0.2,Low,0
DRV-1746,56,4,0.2244,7.58,6.66,6.18,0.1987,2.27,149.9,544,0.3862,0.4605,0.2838,99.9,High,1
DRV-1747,44,8,0.1762,5.24,5.26,5.41,0.1333,1.48,105.3,406,0.3007,0.2668,0.185,62.0,Moderate,0
DRV-1748,52,7,0.043,2.03,1.32,1.05,0.1085,0.15,98.5,225,0.0836,0.168,0.0188,0.0,Low,0
DRV-1749,35,16,0.1062,4.74,3.05,2.28,0.074,1.63,99.5,721,0.1912,0.2065,0.2037,0.1,Low,0
DRV-1750,19,16,0.2476,9.6,6.48,7.56,0.2152,2.23,127.0,216,0.4512,0.3874,0.2788,99.7,High,1
DRV-1751,44,2,0.0,2.43,5.7,1.66,0.0419,0.79,84.6,1083,0.1768,0.0922,0.0988,0.1,Low,0
DRV-1752,49,6,0.0,1.71,2.49,1.55,0.0123,0.23,79.9,208,0.1067,0.0746,0.0288,0.0,Low,0
DRV-1753,31,3,0.1909,7.09,7.2,5.12,0.1794,3.34,135.3,138,0.3642,0.3874,0.4175,99.9,High,1
DRV-1754,35,5,0.081,7.25,3.13,3.51,0.0893,1.31,92.5,569,0.2674,0.1664,0.1638,0.7,Low,0
DRV-1755,18,11,0.1489,4.58,4.04,3.1,0.1636,1.17,117.6,594,0.2209,0.2979,0.1462,3.5,Low,0
DRV-1756,36,3,0.014,0.56,0.96,1.57,0.0273,0.22,100.2,744,0.0586,0.1585,0.0275,0.0,Low,0
DRV-1757,22,9,0.1482,4.78,7.61,4.67,0.1223,2.16,98.8,356,0.3158,0.227,0.27,27.0,Low,0
DRV-1758,44,11,0.0,3.33,5.5,2.19,0.072,0.74,107.8,1875,0.2021,0.1792,0.0925,0.3,Low,0
DRV-1759,42,1,0.0772,7.02,3.5,4.69,0.089,1.22,110.4,352,0.2925,0.2315,0.1525,0.8,Low,0
DRV-1760,38,0,0.1304,7.58,9.53,5.05,0.2399,2.2,138.6,647,0.4114,0.3665,0.275,99.9,High,1
DRV-1761,53,11,0.08,3.41,2.05,4.25,0.0542,0.75,85.3,180,0.1874,0.1389,0.0938,0.0,Low,0
DRV-1762,40,6,0.0006,4.79,4.73,3.82,0.1474,1.55,104.5,486,0.251,0.1672,0.1938,12.1,Low,0
DRV-1763,40,1,0.1238,3.7,4.39,2.36,0.1355,1.14,102.1,741,0.1944,0.226,0.1425,0.7,Low,0
DRV-1764,41,3,0.0744,6.6,5.52,4.53,0.1944,2.5,142.2,921,0.3146,0.3492,0.3125,99.2,High,1
DRV-1765,31,0,0.0093,1.2,1.41,0.82,0.0804,1.54,87.3,629,0.0639,0.1075,0.1925,0.1,Low,0
DRV-1766,49,8,0.1241,4.44,4.47,1.72,0.0641,0.81,93.9,50,0.1977,0.1954,0.1013,0.1,Low,0
DRV-1767,27,8,0.027,0.61,2.55,0.38,0.0541,0.41,69.3,221,0.0623,0.0497,0.0512,0.0,Low,0
DRV-1768,43,3,0.0,3.28,2.58,3.07,0.1083,1.52,83.5,279,0.17,0.0881,0.19,0.0,Low,0
DRV-1769,52,0,0.0443,3.73,2.68,3.59,0.1088,1.66,91.1,236,0.1911,0.141,0.2075,0.0,Low,0
DRV-1770,25,5,0.0099,8.21,3.38,2.82,0.0874,1.16,107.2,388,0.2769,0.1824,0.145,0.1,Low,0
DRV-1771,21,4,0.0,2.99,4.15,1.93,0.0558,0.99,76.3,532,0.1676,0.0611,0.1238,0.3,Low,0
DRV-1772,25,3,0.0897,3.32,4.04,3.42,0.0847,0.89,90.9,501,0.2021,0.1652,0.1112,0.3,Low,0
DRV-1773,59,0,0.1868,6.96,4.81,3.74,0.2261,1.67,92.7,279,0.2942,0.2254,0.2088,92.5,High,1
DRV-1774,30,0,0.0775,1.93,2.82,1.21,0.1117,0.55,108.5,150,0.1098,0.2245,0.0688,0.0,Low,0
DRV-1775,23,5,0.0592,1.58,0.79,0.81,0.0665,2.27,86.5,578,0.061,0.1319,0.2838,0.0,Low,0
DRV-1776,42,2,0.0439,2.05,2.76,2.98,0.0656,0.64,93.9,212,0.1466,0.1513,0.08,0.0,Low,0
DRV-1777,18,3,0.0853,12.82,3.48,2.84,0.1439,1.62,90.2,334,0.3712,0.1602,0.2025,12.5,Low,0
DRV-1778,26,2,0.0,1.93,2.82,2.72,0.0951,0.77,104.7,1246,0.14,0.1676,0.0962,0.1,Low,0
DRV-1779,54,2,0.0629,7.65,3.95,5.21,0.1183,2.06,118.5,249,0.323,0.254,0.2575,23.8,Low,0
DRV-1780,26,21,0.0,2.54,2.1,1.57,0.1431,0.68,96.2,335,0.1172,0.1358,0.085,0.0,Low,0
DRV-1781,34,1,0.1082,6.19,6.28,4.55,0.1903,2.38,110.6,454,0.3195,0.2493,0.2975,98.7,High,1
DRV-1782,41,7,0.0915,3.26,3.29,3.44,0.1339,1.25,106.3,100,0.1888,0.224,0.1562,0.4,Low,0
DRV-1783,41,2,0.1178,6.2,8.65,3.04,0.1315,1.81,117.4,152,0.329,0.28,0.2262,37.9,Low,0
DRV-1784,31,6,0.3778,9.24,6.83,5.52,0.2752,1.95,134.8,296,0.409,0.4883,0.2438,100.0,High,1
DRV-1785,44,1,0.0,1.51,1.81,1.11,0.1345,0.38,95.4,277,0.0826,0.1328,0.0475,0.0,Low,0
DRV-1786,55,2,0.0684,4.2,2.56,2.77,0.0831,2.25,108.9,232,0.1821,0.221,0.2812,0.9,Low,0
DRV-1787,25,0,0.0103,5.09,3.73,2.45,0.0838,1.31,93.6,183,0.213,0.1317,0.1638,0.0,Low,0
DRV-1788,32,4,0.072,4.12,3.05,4.55,0.1357,1.36,112.7,299,0.2242,0.2372,0.17,0.5,Low,0
DRV-1789,36,0,0.066,4.43,3.78,4.86,0.1226,1.94,94.4,77,0.2488,0.1653,0.2425,5.1,Low,0
DRV-1790,46,1,0.0707,1.64,2.41,0.58,0.0253,0.26,60.0,268,0.0846,0.0389,0.0325,0.0,Low,0
DRV-1791,38,9,0.0257,5.21,2.8,3.43,0.0487,2.24,86.5,408,0.2195,0.1135,0.28,2.6,Low,0
DRV-1792,36,3,0.1152,4.84,6.25,3.6,0.1367,1.88,102.3,441,0.273,0.222,0.235,33.1,Low,0
DRV-1793,19,6,0.0036,1.25,0.98,0.84,0.045,0.96,89.6,403,0.0581,0.113,0.12,0.0,Low,0
DRV-1794,24,2,0.052,6.46,4.1,3.37,0.1467,2.05,121.2,243,0.2649,0.2581,0.2562,36.6,Low,0
DRV-1795,40,3,0.0798,5.15,6.15,5.1,0.1634,1.71,109.5,352,0.3075,0.2295,0.2138,72.0,High,0
DRV-1796,31,14,0.0371,4.07,1.74,2.41,0.053,0.76,117.8,690,0.1586,0.2372,0.095,0.0,Low,0
DRV-1797,33,0,0.0912,3.24,2.71,2.09,0.0752,0.89,93.5,298,0.1518,0.1758,0.1112,0.0,Low,0
DRV-1798,37,1,0.1079,3.64,3.75,2.51,0.0877,0.84,73.1,680,0.1855,0.1085,0.105,0.0,Low,0
DRV-1799,66,0,0.0867,3.5,3.89,3.7,0.0993,3.55,106.4,390,0.2088,0.2217,0.4438,3.8,Low,0
DRV-1800,32,0,0.0138,1.75,0.96,1.33,0.0721,0.38,80.1,50,0.0776,0.083,0.0475,0.1,Low,0
DRV-1801,54,0,0.0,4.14,2.87,2.56,0.0914,2.05,89.3,335,0.1818,0.1099,0.2562,0.4,Low,0
DRV-1802,53,0,0.156,5.18,3.8,5.34,0.1436,1.64,104.7,183,0.2737,0.2534,0.205,23.3,Low,0
DRV-1803,47,0,0.0554,5.1,3.16,6.2,0.1206,1.41,92.8,134,0.2787,0.1535,0.1762,5.3,Low,0
DRV-1804,27,19,0.1146,2.4,4.17,2.28,0.1171,1.74,87.7,423,0.1631,0.1669,0.2175,0.8,Low,0
DRV-1805,39,2,0.168,9.43,3.79,2.83,0.1417,1.24,118.6,459,0.3084,0.3122,0.155,4.7,Low,0
DRV-1806,33,5,0.0638,3.79,3.12,1.96,0.0729,1.35,98.6,404,0.167,0.1798,0.1688,0.0,Low,0
DRV-1807,62,8,0.115,10.03,5.09,5.5,0.1806,1.9,117.1,214,0.3954,0.2774,0.2375,99.3,High,1
DRV-1808,42,10,0.0875,3.62,3.1,2.94,0.0827,1.14,119.4,504,0.1829,0.2709,0.1425,0.0,Low,0
DRV-1809,35,3,0.1104,3.39,3.89,2.18,0.1021,1.1,96.9,195,0.1762,0.1991,0.1375,0.0,Low,0
DRV-1810,59,3,0.1197,5.08,5.93,3.99,0.1379,1.41,96.9,379,0.2802,0.2042,0.1762,55.5,Moderate,1
DRV-1811,33,2,0.0102,3.66,2.41,1.41,0.0838,0.91,74.2,265,0.1416,0.0589,0.1138,0.0,Low,0
DRV-1812,44,4,0.092,2.26,2.34,1.67,0.0696,1.72,92.3,741,0.1176,0.1717,0.215,0.2,Low,0
DRV-1813,46,0,0.0995,4.6,4.87,2.39,0.0856,0.8,76.2,357,0.221,0.1155,0.1,0.0,Low,0
DRV-1814,42,1,0.1698,6.59,5.5,4.56,0.2191,2.31,109.5,321,0.3147,0.279,0.2888,99.2,High,1
DRV-1815,36,4,0.0,5.11,4.05,4.3,0.0933,1.31,97.8,416,0.2557,0.1418,0.1638,0.4,Low,0
DRV-1816,48,6,0.0956,2.5,3.03,1.82,0.0837,0.86,109.2,361,0.1369,0.2371,0.1075,0.0,Low,0
DRV-1817,30,2,0.0082,3.57,2.46,2.72,0.1559,0.66,107.9,350,0.1668,0.1841,0.0825,0.0,Low,0
DRV-1818,51,8,0.069,2.05,2.19,1.38,0.0945,0.91,100.7,513,0.1051,0.1906,0.1138,0.0,Low,0
DRV-1819,34,8,0.0451,1.39,1.79,2.21,0.0683,0.91,88.2,269,0.1018,0.1306,0.1138,0.0,Low,0
DRV-1820,54,13,0.0,5.49,3.35,2.74,0.0921,1.05,95.0,272,0.2204,0.1312,0.1312,0.0,Low,0
DRV-1821,50,2,0.0885,5.51,2.85,2.13,0.1122,0.84,103.8,635,0.2003,0.2129,0.105,0.0,Low,0
DRV-1822,44,11,0.0503,1.91,1.23,3.75,0.0449,0.5,105.8,543,0.1337,0.1994,0.0625,0.0,Low,0
DRV-1823,36,5,0.2281,7.48,7.61,4.83,0.1875,2.36,125.1,359,0.373,0.3696,0.295,99.9,High,1
DRV-1824,51,4,0.081,3.68,2.7,2.09,0.0906,0.79,91.3,438,0.1604,0.1619,0.0988,0.0,Low,0
DRV-1825,44,1,0.0264,6.65,5.22,4.56,0.1375,2.37,111.3,278,0.3112,0.2069,0.2962,89.6,High,1
DRV-1826,18,0,0.1312,2.45,2.03,2.23,0.1174,1.36,89.3,276,0.1274,0.182,0.17,0.0,Low,0
DRV-1827,28,4,0.1478,4.75,3.55,3.72,0.1239,1.5,114.7,185,0.2286,0.2864,0.1875,5.2,Low,0
DRV-1828,40,3,0.0,3.79,0.63,2.31,0.0104,0.38,73.2,640,0.1325,0.0495,0.0475,0.0,Low,0
DRV-1829,41,1,0.0796,6.21,3.76,4.01,0.1658,1.69,113.9,1418,0.2671,0.2459,0.2112,23.9,Low,0
DRV-1830,46,4,0.1462,5.18,4.31,3.55,0.1506,1.41,117.1,183,0.2464,0.2945,0.1762,50.9,Moderate,0
DRV-1831,56,2,0.0891,1.91,1.48,1.92,0.1048,1.22,95.2,659,0.1013,0.181,0.1525,0.0,Low,0
DRV-1832,45,7,0.0078,3.1,2.19,1.05,0.1497,0.49,75.5,631,0.1195,0.0624,0.0612,0.0,Low,0
DRV-1833,18,3,0.1242,5.42,3.27,2.9,0.0789,2.78,95.3,194,0.2209,0.2007,0.3475,1.8,Low,0
DRV-1834,40,1,0.0,5.36,3.49,2.99,0.1524,1.04,96.8,77,0.2252,0.138,0.13,1.2,Low,0
DRV-1835,52,7,0.0,3.78,1.6,1.73,0.0626,1.04,91.6,899,0.1369,0.1185,0.13,0.0,Low,0
DRV-1836,39,0,0.0,1.53,2.31,1.59,0.0185,0.26,74.1,425,0.1009,0.0529,0.0325,0.0,Low,0
DRV-1837,40,3,0.0,1.82,2.96,4.35,0.0817,0.6,106.7,313,0.1727,0.1751,0.075,0.0,Low,0
DRV-1838,32,0,0.1596,2.46,2.51,2.76,0.092,1.55,98.0,406,0.1462,0.2303,0.1938,0.0,Low,0
DRV-1839,49,0,0.2062,3.02,5.36,2.24,0.0857,0.94,79.5,316,0.1945,0.1865,0.1175,1.1,Low,0
DRV-1840,33,5,0.1212,4.11,3.09,2.96,0.1749,1.17,88.5,1553,0.1929,0.1735,0.1462,1.3,Low,0
DRV-1841,45,4,0.101,6.96,4.52,5.16,0.1959,2.08,126.3,323,0.3177,0.3042,0.26,99.1,High,1
DRV-1842,43,1,0.2082,7.78,6.8,5.45,0.2188,2.24,128.5,440,0.3779,0.3714,0.28,99.8,High,1
DRV-1843,38,0,0.1166,3.14,2.52,3.01,0.1061,1.2,95.5,643,0.165,0.1973,0.15,0.0,Low,0
DRV-1844,43,2,0.0457,5.18,4.9,3.76,0.1459,1.4,125.4,1033,0.2605,0.2704,0.175,63.7,Moderate,1
DRV-1845,40,0,0.0,1.42,2.24,0.84,0.0586,0.72,85.5,571,0.0825,0.0956,0.09,0.0,Low,0
DRV-1846,53,5,0.1115,2.03,2.92,1.16,0.0496,1.83,71.5,229,0.1125,0.1045,0.2288,0.0,Low,0
DRV-1847,46,8,0.104,5.79,6.48,4.12,0.1479,3.06,104.6,525,0.3062,0.2244,0.3825,92.5,High,1
DRV-1848,50,4,0.0,2.23,2.07,1.59,0.061,1.55,97.3,89,0.1109,0.1399,0.1938,0.4,Low,0
DRV-1849,28,4,0.1355,8.05,4.11,4.6,0.1673,1.51,135.1,393,0.3215,0.3561,0.1888,43.4,Moderate,0
DRV-1850,28,4,0.0206,1.75,0.23,0.85,0.0116,0.32,90.9,369,0.0558,0.1272,0.04,0.0,Low,0
DRV-1851,38,1,0.1386,10.93,7.02,4.41,0.1516,1.85,115.7,642,0.4238,0.2851,0.2312,96.6,High,1
DRV-1852,46,3,0.0224,2.56,2.76,0.45,0.0398,1.88,81.3,1111,0.1062,0.0922,0.235,0.0,Low,0
DRV-1853,44,3,0.1965,5.98,6.25,5.05,0.1539,3.29,117.1,554,0.3248,0.3222,0.4112,99.2,High,1
DRV-1854,28,3,0.184,4.53,5.16,3.39,0.0725,0.84,70.9,594,0.2444,0.1421,0.105,1.7,Low,0
DRV-1855,47,5,0.1221,6.89,6.8,3.06,0.1575,1.35,109.9,212,0.3123,0.2543,0.1688,9.1,Low,0
DRV-1856,30,6,0.0841,4.56,4.5,3.13,0.115,1.04,106.8,853,0.2288,0.2218,0.13,0.2,Low,0
DRV-1857,46,3,0.1844,5.43,4.37,2.51,0.1212,1.4,122.5,232,0.2316,0.3358,0.175,11.8,Low,0
DRV-1858,41,8,0.025,6.26,4.37,1.45,0.0984,0.8,106.3,880,0.227,0.1874,0.1,0.7,Low,0
DRV-1859,35,4,0.0429,5.25,4.38,2.81,0.1635,1.86,131.1,826,0.2342,0.2902,0.2325,31.2,Low,0
DRV-1860,31,8,0.225,7.37,6.4,6.77,0.1917,2.3,148.2,395,0.3895,0.4545,0.2875,99.9,High,1
DRV-1861,39,2,0.2028,5.49,4.35,3.19,0.1246,1.72,128.3,117,0.2461,0.3677,0.215,54.2,Moderate,1
DRV-1862,38,10,0.0728,1.93,3.24,1.5,0.0732,0.71,92.0,634,0.1226,0.16,0.0888,0.0,Low,0
DRV-1863,25,2,0.1218,10.59,5.48,6.0,0.1568,1.36,113.3,557,0.4231,0.2669,0.17,18.7,Low,0
DRV-1864,45,8,0.0,1.35,1.57,0.85,0.091,1.53,67.8,401,0.0702,0.0292,0.1912,0.0,Low,0
DRV-1865,51,1,0.0342,1.7,1.35,0.91,0.0456,1.05,90.2,298,0.0747,0.1321,0.1312,0.0,Low,0
DRV-1866,48,1,0.1448,3.89,4.75,1.85,0.1076,1.08,103.0,330,0.194,0.2409,0.135,0.1,Low,0
DRV-1867,41,2,0.0,4.43,4.91,4.73,0.0942,1.94,91.7,861,0.265,0.1189,0.2425,9.0,Low,0
DRV-1868,32,12,0.0632,4.98,2.91,2.96,0.0703,0.89,79.3,346,0.2073,0.1071,0.1112,0.0,Low,0
DRV-1869,39,6,0.0757,4.78,3.4,3.03,0.1027,1.01,121.6,479,0.2129,0.2726,0.1262,0.2,Low,0
DRV-1870,36,5,0.0987,5.09,4.79,5.36,0.1719,1.72,117.0,206,0.2888,0.268,0.215,88.8,High,1
DRV-1871,39,2,0.1054,3.97,2.68,2.33,0.0864,0.99,121.3,721,0.1707,0.2878,0.1238,0.3,Low,0
DRV-1872,49,5,0.1822,8.98,6.27,4.67,0.1521,2.06,124.5,344,0.3775,0.3421,0.2575,99.5,High,1
DRV-1873,36,2,0.2433,8.54,6.54,5.54,0.2612,2.66,146.1,259,0.3906,0.4567,0.3325,100.0,High,1
DRV-1874,18,8,0.0991,5.43,6.08,3.86,0.1634,1.71,130.0,348,0.2871,0.317,0.2138,95.6,High,1
DRV-1875,47,1,0.0132,4.99,3.88,3.36,0.1871,1.19,97.4,210,0.2317,0.1475,0.1488,1.5,Low,0
DRV-1876,42,2,0.096,2.79,4.06,3.31,0.1712,1.84,92.2,249,0.1897,0.1736,0.23,4.7,Low,0
DRV-1877,39,5,0.1599,7.83,5.96,5.03,0.2166,2.45,118.3,427,0.3565,0.3066,0.3062,100.0,High,1
DRV-1878,23,6,0.1993,9.4,3.26,2.47,0.0849,1.1,88.7,502,0.2917,0.2172,0.1375,1.2,Low,0
DRV-1879,28,9,0.2319,5.14,4.69,2.82,0.1798,1.29,128.4,109,0.2374,0.384,0.1612,18.4,Low,0
DRV-1880,29,0,0.2785,6.85,4.66,4.53,0.1413,1.68,116.9,329,0.3053,0.3666,0.21,97.1,High,1
DRV-1881,30,0,0.0034,4.12,3.0,1.72,0.093,0.83,99.2,466,0.1668,0.1489,0.1038,0.0,Low,0
DRV-1882,32,9,0.0496,1.02,0.59,0.79,0.0378,0.43,67.6,321,0.046,0.0558,0.0538,0.0,Low,0
DRV-1883,23,0,0.1472,3.41,3.39,2.61,0.1037,2.49,111.5,234,0.1769,0.2741,0.3113,4.0,Low,0
DRV-1884,63,15,0.1655,5.66,5.01,3.38,0.1444,2.12,102.5,512,0.2643,0.2504,0.265,59.0,Moderate,0
DRV-1885,56,2,0.0625,3.49,3.39,2.48,0.0792,2.13,114.3,264,0.1759,0.238,0.2662,1.2,Low,0
DRV-1886,41,1,0.3134,9.44,7.53,7.33,0.2631,2.81,125.9,565,0.4609,0.4195,0.3512,99.8,High,1
DRV-1887,37,5,0.091,3.74,3.34,2.84,0.0906,1.05,116.8,155,0.1873,0.263,0.1312,0.3,Low,0
DRV-1888,59,19,0.1599,8.86,5.29,4.66,0.163,2.75,126.1,231,0.3586,0.3358,0.3438,99.5,High,1
DRV-1889,57,12,0.0169,4.98,4.32,3.35,0.0979,1.1,99.4,195,0.2386,0.157,0.1375,1.1,Low,0
DRV-1890,29,0,0.0585,2.09,0.8,0.49,0.0312,0.63,101.5,384,0.0649,0.1878,0.0788,0.0,Low,0
DRV-1891,40,6,0.0014,0.78,2.53,0.7,0.0213,0.36,97.7,731,0.0718,0.1421,0.045,0.0,Low,0
DRV-1892,35,0,0.2166,7.33,6.9,4.5,0.173,2.57,129.0,445,0.3516,0.3779,0.3212,100.0,High,1
DRV-1893,34,11,0.1123,5.05,3.67,3.05,0.1058,1.0,90.5,145,0.2232,0.1761,0.125,0.1,Low,0
DRV-1894,36,2,0.0859,3.58,2.23,4.54,0.0775,0.77,106.8,254,0.1996,0.2227,0.0962,0.0,Low,0
DRV-1895,36,8,0.0845,3.46,2.87,2.14,0.1054,1.73,100.7,142,0.1598,0.1991,0.2162,0.5,Low,0
DRV-1896,40,9,0.1075,4.02,5.31,1.91,0.0527,1.22,94.4,312,0.2071,0.1881,0.1525,0.3,Low,0
DRV-1897,40,2,0.1545,10.11,5.56,4.58,0.1786,1.76,118.9,465,0.3865,0.3059,0.22,98.3,High,1
DRV-1898,55,2,0.0635,5.47,6.8,3.84,0.1402,1.9,114.1,155,0.2995,0.2378,0.2375,93.3,High,1
DRV-1899,28,15,0.0927,4.05,2.07,2.29,0.1169,1.53,83.0,397,0.1613,0.1372,0.1912,0.0,Low,0
DRV-1900,49,5,0.0668,3.98,4.51,3.09,0.1158,2.31,88.2,702,0.2166,0.1425,0.2888,0.8,Low,0
DRV-1901,25,13,0.0977,6.18,5.7,4.6,0.1882,1.89,99.8,502,0.3106,0.203,0.2362,95.0,High,1
DRV-1902,40,18,0.0452,5.89,3.9,3.9,0.0971,1.1,107.9,354,0.2608,0.2045,0.1375,0.6,Low,0
DRV-1903,50,6,0.0365,0.74,2.52,1.12,0.0634,0.5,60.0,147,0.0792,0.0201,0.0625,0.0,Low,0
DRV-1904,44,2,0.095,3.53,4.36,3.54,0.1024,1.06,111.8,105,0.2141,0.2465,0.1325,0.6,Low,0
DRV-1905,34,3,0.0,2.5,2.39,2.03,0.0729,0.85,98.7,92,0.1304,0.1451,0.1062,0.0,Low,0
DRV-1906,41,7,0.1593,8.28,10.89,4.42,0.192,2.28,118.0,512,0.4355,0.3051,0.285,99.9,High,1
DRV-1907,57,2,0.254,6.31,6.34,4.62,0.2314,2.2,134.3,328,0.3243,0.4183,0.275,99.9,High,1
DRV-1908,30,8,0.13,7.56,5.14,4.47,0.1497,1.63,112.8,525,0.3263,0.2695,0.2037,97.3,High,1
DRV-1909,44,5,0.0837,8.02,5.93,2.68,0.0913,1.47,106.4,321,0.3128,0.22,0.1838,8.3,Low,0
DRV-1910,49,4,0.1335,3.2,3.03,1.7,0.0882,1.36,72.7,625,0.1485,0.1211,0.17,0.0,Low,0
DRV-1911,33,1,0.2646,9.25,6.67,5.88,0.1965,2.73,102.7,749,0.4138,0.3057,0.3412,98.7,High,1
DRV-1912,58,3,0.0738,4.89,4.03,1.41,0.073,0.23,80.0,285,0.1932,0.1156,0.0288,0.1,Low,0
DRV-1913,62,0,0.0,1.93,1.9,1.44,0.048,1.03,97.2,261,0.0991,0.1395,0.1288,0.0,Low,0
DRV-1914,51,8,0.1992,5.4,3.14,4.5,0.1145,1.12,113.2,89,0.2503,0.3091,0.14,3.3,Low,0
DRV-1915,51,2,0.1673,4.65,4.09,3.62,0.1469,1.37,107.4,1127,0.2336,0.2698,0.1713,4.1,Low,0
DRV-1916,18,2,0.2288,4.24,2.4,1.97,0.1059,3.5,101.5,149,0.1642,0.2815,0.4375,6.5,Low,0
DRV-1917,22,0,0.0562,4.55,3.1,2.58,0.1151,1.25,113.0,141,0.1943,0.2297,0.1562,0.4,Low,0
DRV-1918,36,6,0.0,1.07,0.87,1.27,0.031,0.69,83.9,427,0.0613,0.0896,0.0862,0.0,Low,0
DRV-1919,30,3,0.0814,3.03,2.41,1.97,0.0851,1.03,105.5,121,0.1402,0.2154,0.1288,0.0,Low,0
DRV-1920,45,2,0.208,10.7,7.12,5.71,0.1979,3.96,117.8,284,0.4469,0.3312,0.495,99.7,High,1
DRV-1921,18,1,0.2442,7.46,7.59,6.76,0.2036,3.16,107.0,323,0.4109,0.3106,0.395,98.9,High,1
DRV-1922,45,2,0.1868,5.95,3.67,5.77,0.1167,1.88,101.5,658,0.2956,0.2584,0.235,11.8,Low,0
DRV-1923,35,1,0.0267,1.25,1.25,2.53,0.0574,0.39,96.6,571,0.0964,0.1519,0.0488,0.0,Low,0
DRV-1924,31,14,0.0418,4.45,4.55,1.85,0.0651,0.86,84.3,606,0.2018,0.1141,0.1075,0.0,Low,0
DRV-1925,60,0,0.0785,2.35,1.99,2.77,0.0538,0.71,98.6,540,0.1356,0.1879,0.0888,0.0,Low,0
DRV-1926,34,15,0.0871,5.39,3.06,3.52,0.1329,1.6,91.1,197,0.2292,0.1645,0.2,5.0,Low,0
DRV-1927,18,0,0.035,2.63,2.17,2.66,0.0511,1.41,85.7,203,0.142,0.1156,0.1762,0.0,Low,0
DRV-1928,43,0,0.0868,1.04,4.27,1.59,0.0589,0.37,88.5,215,0.1238,0.1546,0.0462,0.1,Low,0
DRV-1929,42,0,0.1693,6.81,3.71,2.38,0.1424,1.25,93.4,871,0.2456,0.2184,0.1562,1.6,Low,0
DRV-1930,35,1,0.2651,6.89,5.72,5.76,0.1777,2.14,119.8,283,0.3483,0.3701,0.2675,99.8,High,1
DRV-1931,66,2,0.0182,4.36,6.32,1.68,0.0395,1.43,60.0,543,0.2261,0.01,0.1788,1.4,Low,0
DRV-1932,40,1,0.0196,6.33,7.68,4.72,0.1494,2.24,123.9,654,0.349,0.2504,0.28,92.5,High,1
DRV-1933,50,6,0.0919,4.43,5.0,2.45,0.2148,2.43,101.6,345,0.2209,0.2065,0.3038,6.1,Low,0
DRV-1934,41,2,0.1595,10.25,5.86,5.23,0.1772,2.62,115.5,168,0.4073,0.2958,0.3275,99.7,High,1
DRV-1935,53,7,0.0179,2.45,1.95,0.74,0.0231,0.27,107.9,459,0.0963,0.1895,0.0338,0.0,Low,0
DRV-1936,34,1,0.0407,9.1,8.29,1.94,0.1455,0.96,89.0,305,0.359,0.1311,0.12,6.3,Low,0
DRV-1937,25,7,0.1353,8.0,3.97,3.17,0.1474,1.58,105.0,333,0.2896,0.2432,0.1975,44.9,Moderate,1
DRV-1938,47,1,0.0,2.69,4.04,2.46,0.0228,0.45,72.7,358,0.1703,0.0476,0.0562,0.1,Low,0
DRV-1939,41,0,0.0,2.69,3.04,1.84,0.0508,0.85,102.6,355,0.1413,0.1597,0.1062,0.0,Low,0
DRV-1940,47,0,0.0987,4.19,1.18,1.48,0.0792,0.78,103.0,386,0.1331,0.2155,0.0975,0.0,Low,0
DRV-1941,30,0,0.0,1.15,2.48,5.63,0.0171,1.99,99.1,988,0.1769,0.1466,0.2488,1.1,Low,0
DRV-1942,43,14,0.0946,3.37,2.78,2.38,0.1049,1.36,117.5,203,0.1613,0.2677,0.17,0.3,Low,0
DRV-1943,18,0,0.0834,1.05,1.17,1.24,0.0357,0.44,78.8,689,0.0653,0.1164,0.055,0.0,Low,0
DRV-1944,32,0,0.0722,3.47,0.55,1.18,0.0217,0.23,104.0,277,0.1022,0.2047,0.0288,0.0,Low,0
DRV-1945,29,1,0.1369,4.01,3.07,3.45,0.0861,1.26,98.0,1261,0.2004,0.2178,0.1575,0.6,Low,0
DRV-1946,43,5,0.1088,4.61,3.96,2.55,0.1205,1.23,82.2,167,0.2092,0.1431,0.1538,0.1,Low,0
DRV-1947,32,0,0.0696,1.18,3.14,1.4,0.0418,0.53,80.9,325,0.1039,0.1167,0.0662,0.0,Low,0
DRV-1948,21,2,0.2593,6.78,7.97,4.48,0.1998,2.66,124.3,976,0.358,0.3837,0.3325,99.7,High,1
DRV-1949,31,8,0.1969,10.61,6.83,6.1,0.2029,1.92,111.4,835,0.448,0.301,0.24,98.5,High,1
DRV-1950,45,1,0.0,1.22,3.28,0.96,0.0375,0.04,82.5,430,0.0983,0.0844,0.005,0.0,Low,0
DRV-1951,39,0,0.097,4.98,6.85,5.4,0.1452,1.46,115.9,249,0.3218,0.263,0.1825,65.9,Moderate,0
DRV-1952,29,7,0.1209,2.82,3.28,2.79,0.1032,1.72,103.0,432,0.1669,0.2277,0.215,0.5,Low,0
DRV-1953,48,1,0.0,1.12,0.94,1.97,0.0275,0.31,91.9,461,0.0775,0.1196,0.0388,0.0,Low,0
DRV-1954,56,4,0.1547,3.37,6.8,2.54,0.1416,1.11,91.0,246,0.2315,0.2013,0.1388,1.3,Low,0
DRV-1955,48,0,0.0339,2.45,1.26,1.07,0.0653,0.56,79.9,699,0.0914,0.0933,0.07,0.0,Low,0
DRV-1956,18,0,0.1175,4.78,3.89,2.85,0.1279,1.83,88.0,268,0.2174,0.1696,0.2288,0.3,Low,0
DRV-1957,40,0,0.1551,6.07,3.35,2.38,0.0932,0.95,99.0,136,0.2248,0.2316,0.1188,0.1,Low,0
DRV-1958,36,7,0.0283,2.3,2.05,1.82,0.1147,1.24,82.5,124,0.1166,0.0999,0.155,0.0,Low,0
DRV-1959,18,0,0.0998,3.35,3.28,3.94,0.098,1.19,99.0,1149,0.2005,0.2011,0.1488,0.3,Low,0
DRV-1960,22,4,0.1381,3.43,4.95,2.94,0.1273,2.18,74.4,230,0.2099,0.13,0.2725,3.1,Low,0
DRV-1961,47,3,0.0,3.6,1.93,1.46,0.0788,1.17,70.2,368,0.1334,0.0383,0.1462,0.0,Low,0
DRV-1962,40,3,0.127,5.04,5.85,3.51,0.1655,1.76,119.1,239,0.2685,0.2915,0.22,85.9,High,1
DRV-1963,38,1,0.1221,6.05,2.24,2.29,0.0776,0.96,76.9,859,0.2041,0.1305,0.12,0.1,Low,0
DRV-1964,30,14,0.0733,3.32,7.48,4.33,0.0612,0.86,93.6,172,0.2777,0.1663,0.1075,2.4,Low,0
DRV-1965,50,0,0.2487,7.47,5.18,4.7,0.1896,4.2,106.8,200,0.3297,0.3123,0.525,97.7,High,1
DRV-1966,23,3,0.1081,14.86,5.96,4.99,0.2862,2.08,115.6,352,0.4963,0.268,0.26,99.4,High,1
DRV-1967,27,0,0.0431,6.36,5.29,4.61,0.1375,1.82,114.1,276,0.3076,0.2266,0.2275,91.6,High,1
DRV-1968,34,5,0.1009,2.7,2.15,1.38,0.0614,1.78,92.9,439,0.1174,0.1789,0.2225,0.0,Low,0
DRV-1969,19,2,0.2195,5.8,7.26,4.98,0.1797,1.71,124.9,197,0.3366,0.3641,0.2138,97.5,High,1
DRV-1970,27,0,0.0189,1.91,1.51,0.91,0.0637,0.93,73.7,1454,0.0816,0.0618,0.1162,0.0,Low,0
DRV-1971,50,3,0.0448,1.81,0.7,0.49,0.0938,0.31,74.1,176,0.0577,0.0775,0.0388,0.0,Low,0
DRV-1972,27,6,0.0638,1.28,4.49,1.18,0.0251,0.21,97.9,242,0.124,0.1772,0.0262,0.0,Low,0
DRV-1973,47,5,0.0,2.83,1.48,2.24,0.0473,1.0,86.1,144,0.1261,0.0979,0.125,0.0,Low,0
DRV-1974,45,0,0.0683,3.91,3.68,3.91,0.1162,1.68,109.7,165,0.2177,0.2239,0.21,0.5,Low,0
DRV-1975,35,1,0.178,8.63,5.63,5.62,0.1447,1.85,112.1,204,0.3788,0.2933,0.2312,97.7,High,1
DRV-1976,20,20,0.1079,3.17,2.09,1.9,0.0488,0.75,97.7,542,0.1362,0.2007,0.0938,0.1,Low,0
DRV-1977,38,0,0.0984,6.63,5.24,4.36,0.1607,2.07,88.6,180,0.3071,0.1614,0.2588,79.6,High,1
DRV-1978,18,4,0.0,1.1,0.58,1.34,0.0752,1.52,96.2,395,0.0585,0.1358,0.19,0.1,Low,0
DRV-1979,31,1,0.1261,6.62,4.31,5.12,0.1403,2.04,106.7,186,0.3066,0.2445,0.255,92.1,High,1
DRV-1980,40,7,0.0728,3.2,2.25,1.29,0.1058,0.89,75.9,187,0.1273,0.0997,0.1112,0.0,Low,0
DRV-1981,48,2,0.0715,2.6,4.07,3.17,0.0956,1.32,83.7,703,0.1832,0.1282,0.165,0.1,Low,0
DRV-1982,36,2,0.0565,4.9,2.84,4.42,0.1347,1.45,97.2,602,0.2337,0.1706,0.1812,3.0,Low,0
DRV-1983,30,15,0.1738,3.5,3.49,3.91,0.1178,1.03,101.3,739,0.2064,0.2505,0.1288,0.1,Low,0
DRV-1984,29,6,0.0737,4.4,4.07,2.87,0.1213,2.23,105.9,224,0.2132,0.2127,0.2788,1.4,Low,0
DRV-1985,32,14,0.0194,1.9,3.88,2.32,0.0344,0.83,74.1,155,0.1491,0.0635,0.1038,0.0,Low,0
DRV-1986,45,9,0.0,4.28,3.12,2.6,0.1111,1.08,111.8,1024,0.1896,0.1942,0.135,0.1,Low,0
DRV-1987,42,2,0.0,3.28,3.87,1.34,0.0481,0.78,83.5,381,0.1569,0.0881,0.0975,0.0,Low,0
DRV-1988,37,8,0.054,2.15,1.79,3.67,0.0548,0.42,78.4,151,0.1462,0.0987,0.0525,0.0,Low,0
DRV-1989,45,2,0.1173,3.5,4.11,3.1,0.0958,2.29,99.7,724,0.2005,0.2134,0.2862,1.3,Low,0
DRV-1990,38,6,0.1216,5.42,3.83,3.69,0.1363,1.59,107.5,514,0.246,0.245,0.1988,10.9,Low,0
DRV-1991,21,12,0.0459,2.88,3.2,0.98,0.0279,0.16,82.5,393,0.1305,0.1096,0.02,0.0,Low,0
DRV-1992,24,23,0.1572,2.44,1.49,1.33,0.0911,0.58,80.8,82,0.1002,0.1645,0.0725,0.1,Low,0
DRV-1993,45,18,0.0,0.87,0.42,1.44,0.0821,0.38,79.5,487,0.0532,0.0731,0.0475,0.0,Low,0
DRV-1994,21,5,0.0952,6.92,5.54,5.95,0.1844,2.91,138.6,785,0.3497,0.3471,0.3638,99.6,High,1
DRV-1995,33,3,0.0,4.95,3.62,1.6,0.027,1.86,97.8,269,0.1913,0.1418,0.2325,0.6,Low,0
DRV-1996,36,5,0.0473,3.33,2.62,2.74,0.0946,1.19,104.9,518,0.1651,0.1944,0.1488,0.0,Low,0
DRV-1997,25,4,0.0238,4.19,2.98,2.39,0.0793,1.66,100.6,179,0.1813,0.1653,0.2075,0.1,Low,0
DRV-1998,18,19,0.1839,10.25,11.76,4.51,0.2065,2.38,148.5,354,0.4912,0.433,0.2975,99.7,High,1
DRV-1999,23,1,0.0847,0.84,2.07,0.28,0.1181,0.68,87.8,750,0.0569,0.1508,0.085,0.0,Low,0
